High School Graduation Rates,,,,,,,,,,
Applied filters: None,,,,,,,,,,
,,,,,,,,,,
,,% Withdrawn To Contract/Private,% Certificates of Completion,% Special Diplomas,% Still Enrolled,% Cohort Dropouts,% Graduating with GED or GED-Based Diplomas,# Cohort,# Graduates,% Graduates
District,Year,,,,,,,,,
01-ALACHUA,2012-13,0.0%,2.0%,1.9%,15.7%,7.5%,0.2%,"2,102","1,527",72.6%
01-ALACHUA,2013-14,0.0%,0.7%,2.2%,18.4%,6.2%,0.2%,"2,060","1,487",72.2%
01-ALACHUA,2014-15,0.0%,0.3%,1.1%,18.1%,6.1%,0.1%,"2,072","1,539",74.3%
01-ALACHUA,2015-16,0.0%,0.2%,1.5%,15.1%,4.6%,0.1%,"2,041","1,601",78.4%
01-ALACHUA,2016-17,1.1%,0.1%,1.7%,9.6%,4.8%,0.0%,"2,041","1,688",82.7%
02-BAKER,2012-13,0.0%,5.7%,1.8%,9.3%,9.6%,1.5%,333,240,72.1%
02-BAKER,2013-14,0.0%,6.4%,0.3%,10.5%,2.9%,4.7%,343,258,75.2%
02-BAKER,2014-15,0.0%,4.0%,1.3%,8.4%,3.7%,0.7%,297,243,81.8%
02-BAKER,2015-16,0.0%,4.5%,1.9%,10.0%,3.2%,1.0%,310,246,79.4%
02-BAKER,2016-17,0.0%,5.7%,1.8%,6.9%,4.5%,0.0%,332,269,81.0%
03-BAY,2012-13,0.0%,3.0%,1.2%,17.8%,3.2%,1.8%,"1,838","1,342",73.0%
03-BAY,2013-14,0.0%,3.7%,0.8%,19.6%,4.3%,0.8%,"1,887","1,336",70.8%
03-BAY,2014-15,0.0%,3.8%,1.2%,20.4%,3.6%,0.5%,"1,946","1,373",70.6%
03-BAY,2015-16,0.0%,1.1%,1.3%,12.9%,2.5%,1.1%,"1,715","1,389",81.0%
03-BAY,2016-17,9.8%,0.8%,0.8%,7.9%,2.6%,0.1%,"1,794","1,399",78.0%
04-BRADFORD,2012-13,0.0%,7.1%,5.6%,11.7%,7.6%,0.5%,197,133,67.5%
04-BRADFORD,2013-14,0.0%,8.6%,2.9%,10.5%,6.2%,0.5%,209,149,71.3%
04-BRADFORD,2014-15,0.0%,9.5%,2.0%,6.5%,5.0%,0.0%,199,153,76.9%
04-BRADFORD,2015-16,0.0%,5.9%,3.5%,5.9%,1.0%,0.0%,202,169,83.7%
04-BRADFORD,2016-17,0.0%,7.6%,2.1%,8.0%,3.0%,0.4%,237,187,78.9%
05-BREVARD,2012-13,0.0%,1.7%,1.0%,6.3%,1.5%,2.1%,"5,479","4,788",87.4%
05-BREVARD,2013-14,0.0%,2.1%,1.2%,7.0%,2.0%,1.9%,"5,325","4,571",85.8%
05-BREVARD,2014-15,0.0%,2.2%,1.1%,7.1%,2.3%,1.1%,"5,439","4,688",86.2%
05-BREVARD,2015-16,0.0%,2.1%,0.7%,6.9%,1.7%,1.1%,"5,376","4,703",87.5%
05-BREVARD,2016-17,0.0%,2.5%,0.6%,7.6%,2.3%,1.1%,"5,573","4,785",85.9%
06-BROWARD,2012-13,0.0%,3.7%,0.8%,16.9%,3.1%,0.2%,"19,848","14,937",75.3%
06-BROWARD,2013-14,0.0%,4.8%,0.9%,17.1%,2.9%,0.1%,"19,233","14,267",74.2%
06-BROWARD,2014-15,0.0%,4.0%,0.8%,16.0%,2.5%,0.0%,"20,142","15,428",76.6%
06-BROWARD,2015-16,0.0%,3.2%,1.0%,14.6%,2.5%,0.0%,"19,717","15,509",78.7%
06-BROWARD,2016-17,0.0%,2.4%,0.8%,13.6%,2.1%,0.1%,"19,733","15,993",81.0%
07-CALHOUN,2012-13,0.0%,0.0%,4.1%,1.8%,5.9%,7.6%,170,137,80.6%
07-CALHOUN,2013-14,0.0%,0.0%,2.3%,6.9%,7.7%,2.3%,130,105,80.8%
07-CALHOUN,2014-15,0.0%,0.6%,0.6%,3.7%,4.9%,6.2%,162,136,84.0%
07-CALHOUN,2015-16,0.0%,0.6%,0.0%,8.5%,6.7%,1.2%,164,136,82.9%
07-CALHOUN,2016-17,0.0%,0.6%,0.6%,7.0%,7.0%,3.8%,157,127,80.9%
08-CHARLOTTE,2012-13,0.0%,2.1%,1.0%,11.8%,7.4%,2.3%,"1,463","1,104",75.5%
08-CHARLOTTE,2013-14,0.0%,3.4%,1.9%,11.0%,6.6%,0.9%,"1,524","1,162",76.2%
08-CHARLOTTE,2014-15,0.0%,3.1%,2.1%,10.3%,8.0%,0.9%,"1,377","1,040",75.5%
08-CHARLOTTE,2015-16,0.0%,2.7%,1.0%,8.5%,8.9%,1.5%,"1,410","1,091",77.4%
08-CHARLOTTE,2016-17,0.0%,3.6%,1.0%,5.0%,7.4%,1.8%,"1,371","1,111",81.0%
09-CITRUS,2012-13,0.0%,3.3%,2.0%,8.9%,4.2%,1.6%,"1,179",944,80.1%
09-CITRUS,2013-14,0.0%,2.4%,2.6%,11.4%,5.6%,1.0%,"1,134",873,77.0%
09-CITRUS,2014-15,0.0%,3.3%,1.8%,12.0%,4.7%,0.6%,"1,138",881,77.4%
09-CITRUS,2015-16,0.0%,3.0%,2.0%,11.8%,3.4%,0.8%,"1,145",905,79.0%
09-CITRUS,2016-17,3.8%,2.4%,1.3%,7.2%,6.1%,0.4%,"1,137",897,78.9%
10-CLAY,2012-13,0.0%,3.1%,1.4%,12.9%,2.9%,1.8%,"2,922","2,277",77.9%
10-CLAY,2013-14,0.0%,2.6%,1.5%,10.3%,3.6%,1.9%,"2,998","2,402",80.1%
10-CLAY,2014-15,0.0%,3.0%,1.1%,8.0%,3.6%,0.6%,"2,994","2,506",83.7%
10-CLAY,2015-16,0.0%,2.4%,1.5%,6.9%,3.4%,1.0%,"3,078","2,608",84.7%
10-CLAY,2016-17,0.0%,2.7%,1.1%,3.8%,2.8%,1.2%,"3,023","2,672",88.4%
11-COLLIER,2012-13,0.0%,2.2%,1.4%,6.0%,5.7%,3.4%,"3,155","2,566",81.3%
11-COLLIER,2013-14,0.0%,2.2%,1.5%,5.4%,5.4%,3.3%,"3,049","2,503",82.1%
11-COLLIER,2014-15,0.0%,1.8%,1.8%,5.6%,5.0%,1.5%,"3,083","2,600",84.3%
11-COLLIER,2015-16,0.0%,2.1%,1.3%,4.9%,4.4%,0.5%,"3,223","2,794",86.7%
11-COLLIER,2016-17,0.0%,1.9%,1.0%,4.7%,3.4%,0.7%,"3,394","2,995",88.2%
12-COLUMBIA,2012-13,0.0%,6.6%,3.2%,21.6%,1.2%,1.7%,686,451,65.7%
12-COLUMBIA,2013-14,0.0%,7.6%,2.7%,24.6%,1.7%,2.4%,708,432,61.0%
12-COLUMBIA,2014-15,0.0%,2.9%,2.9%,16.4%,3.5%,3.3%,627,445,71.0%
12-COLUMBIA,2015-16,0.0%,3.3%,2.9%,15.7%,1.8%,1.3%,612,459,75.0%
12-COLUMBIA,2016-17,4.1%,5.9%,3.5%,12.3%,2.5%,1.1%,733,518,70.7%
13-DADE,2012-13,0.0%,5.6%,0.5%,10.3%,5.7%,0.8%,"25,622","19,775",77.2%
13-DADE,2013-14,0.0%,6.5%,0.5%,11.3%,4.9%,0.3%,"26,426","20,238",76.6%
13-DADE,2014-15,0.0%,4.8%,0.5%,11.8%,4.7%,0.1%,"26,562","20,744",78.1%
13-DADE,2015-16,0.0%,4.6%,0.4%,9.6%,5.0%,0.0%,"26,636","21,427",80.4%
13-DADE,2016-17,0.0%,4.0%,0.4%,9.3%,5.7%,0.0%,"27,106","21,867",80.7%
14-DESOTO,2012-13,0.0%,6.6%,1.3%,16.4%,9.4%,4.7%,318,196,61.6%
14-DESOTO,2013-14,0.0%,7.0%,1.8%,14.3%,12.9%,2.9%,272,166,61.0%
14-DESOTO,2014-15,0.0%,8.0%,1.5%,14.5%,12.7%,1.1%,275,171,62.2%
14-DESOTO,2015-16,0.0%,4.5%,2.1%,17.2%,14.2%,0.3%,331,204,61.6%
14-DESOTO,2016-17,0.0%,6.7%,0.3%,17.5%,7.6%,4.1%,315,201,63.8%
15-DIXIE,2012-13,0.0%,0.0%,2.7%,8.8%,6.1%,0.0%,148,122,82.4%
15-DIXIE,2013-14,0.0%,3.5%,0.0%,6.1%,2.6%,0.0%,115,101,87.8%
15-DIXIE,2014-15,0.0%,0.0%,2.1%,0.0%,1.0%,0.0%,97,94,96.9%
15-DIXIE,2015-16,0.0%,0.0%,1.6%,0.8%,1.6%,0.0%,127,122,96.1%
15-DIXIE,2016-17,1.8%,0.0%,1.8%,3.5%,3.5%,0.0%,114,102,89.5%
16-DUVAL,2012-13,0.0%,5.3%,2.0%,13.4%,5.7%,1.5%,"7,913","5,707",72.1%
16-DUVAL,2013-14,0.0%,6.6%,1.6%,11.7%,5.3%,0.7%,"8,128","6,017",74.0%
16-DUVAL,2014-15,0.0%,5.1%,1.4%,11.0%,5.1%,0.8%,"8,461","6,481",76.6%
16-DUVAL,2015-16,0.0%,3.8%,1.5%,10.5%,4.5%,0.8%,"8,222","6,482",78.8%
16-DUVAL,2016-17,0.0%,2.7%,0.4%,9.8%,5.3%,0.9%,"8,489","6,863",80.8%
17-ESCAMBIA,2012-13,0.0%,5.0%,3.0%,23.3%,3.3%,1.2%,"3,115","1,999",64.2%
17-ESCAMBIA,2013-14,0.0%,5.3%,2.7%,21.9%,2.9%,1.0%,"2,827","1,870",66.1%
17-ESCAMBIA,2014-15,0.0%,5.8%,2.6%,16.0%,2.1%,0.8%,"2,745","1,996",72.7%
17-ESCAMBIA,2015-16,0.0%,5.4%,1.8%,14.4%,1.9%,0.5%,"2,616","1,990",76.1%
17-ESCAMBIA,2016-17,0.2%,3.3%,2.3%,13.2%,1.1%,0.5%,"2,809","2,232",79.5%
18-FLAGLER,2012-13,0.0%,3.9%,1.4%,13.5%,4.4%,0.0%,"1,024",787,76.9%
18-FLAGLER,2013-14,0.0%,4.2%,2.8%,11.2%,3.8%,0.1%,969,754,77.8%
18-FLAGLER,2014-15,0.0%,3.4%,1.6%,12.1%,5.3%,0.1%,"1,066",826,77.5%
18-FLAGLER,2015-16,0.0%,3.5%,1.1%,11.9%,3.1%,0.0%,982,790,80.4%
18-FLAGLER,2016-17,0.0%,3.9%,1.5%,10.9%,2.6%,0.0%,"1,005",815,81.1%
19-FRANKLIN,2012-13,0.0%,6.3%,0.0%,25.0%,7.5%,2.5%,80,47,58.8%
19-FRANKLIN,2013-14,0.0%,3.6%,0.0%,13.3%,13.3%,0.0%,83,58,69.9%
19-FRANKLIN,2014-15,0.0%,7.1%,5.1%,34.7%,4.1%,0.0%,98,48,49.0%
19-FRANKLIN,2015-16,0.0%,2.4%,0.0%,15.5%,9.5%,0.0%,84,61,72.6%
19-FRANKLIN,2016-17,0.0%,4.5%,0.0%,10.4%,10.4%,0.0%,67,50,74.6%
20-GADSDEN,2012-13,0.0%,8.6%,4.0%,21.9%,7.0%,0.3%,302,176,58.3%
20-GADSDEN,2013-14,0.0%,0.3%,3.1%,35.0%,5.6%,0.0%,357,200,56.0%
20-GADSDEN,2014-15,0.0%,0.0%,2.1%,20.9%,11.0%,0.7%,292,191,65.4%
20-GADSDEN,2015-16,0.0%,0.0%,3.3%,16.7%,11.6%,0.0%,275,188,68.4%
20-GADSDEN,2016-17,23.6%,0.0%,0.0%,14.8%,11.5%,0.0%,330,165,50.0%
21-GILCHRIST,2012-13,0.0%,0.0%,1.3%,6.4%,2.6%,0.0%,156,140,89.7%
21-GILCHRIST,2013-14,0.0%,0.0%,0.0%,3.4%,1.1%,0.0%,174,166,95.4%
21-GILCHRIST,2014-15,0.0%,0.0%,1.8%,3.0%,1.2%,0.0%,166,156,94.0%
21-GILCHRIST,2015-16,0.0%,1.1%,0.0%,1.1%,0.0%,0.0%,176,172,97.7%
21-GILCHRIST,2016-17,0.0%,1.8%,1.8%,0.6%,2.4%,0.0%,167,156,93.4%
22-GLADES,2012-13,0.0%,5.3%,2.6%,21.1%,9.2%,0.0%,76,47,61.8%
22-GLADES,2013-14,0.0%,5.4%,2.7%,24.3%,6.8%,0.0%,74,45,60.8%
22-GLADES,2014-15,0.0%,7.0%,3.5%,3.5%,5.3%,0.0%,57,46,80.7%
22-GLADES,2015-16,0.0%,8.3%,0.0%,6.7%,6.7%,0.0%,60,47,78.3%
22-GLADES,2016-17,0.0%,0.0%,0.0%,14.8%,3.7%,0.0%,54,44,81.5%
23-GULF,2012-13,0.0%,1.4%,1.4%,10.9%,0.7%,0.0%,147,126,85.7%
23-GULF,2013-14,0.0%,3.7%,2.2%,11.9%,4.4%,0.0%,135,105,77.8%
23-GULF,2014-15,0.0%,2.1%,0.7%,9.6%,4.1%,0.0%,146,122,83.6%
23-GULF,2015-16,0.0%,3.8%,2.5%,10.8%,1.3%,0.0%,157,128,81.5%
23-GULF,2016-17,0.0%,3.8%,0.0%,6.4%,4.5%,0.6%,157,133,84.7%
24-HAMILTON,2012-13,0.0%,7.3%,2.7%,13.6%,18.2%,2.7%,110,61,55.5%
24-HAMILTON,2013-14,0.0%,10.7%,2.4%,2.4%,4.8%,1.2%,84,66,78.6%
24-HAMILTON,2014-15,0.0%,4.0%,4.0%,6.1%,11.1%,1.0%,99,73,73.7%
24-HAMILTON,2015-16,0.0%,0.0%,3.0%,5.0%,9.0%,0.0%,100,83,83.0%
24-HAMILTON,2016-17,0.0%,5.2%,0.0%,8.2%,18.6%,1.0%,97,65,67.0%
25-HARDEE,2012-13,0.0%,3.0%,2.4%,16.4%,12.1%,0.9%,330,215,65.2%
25-HARDEE,2013-14,0.0%,2.8%,2.2%,14.7%,14.4%,1.7%,361,232,64.3%
25-HARDEE,2014-15,0.0%,6.9%,1.1%,20.8%,11.2%,0.3%,375,224,59.7%
25-HARDEE,2015-16,0.0%,3.9%,2.2%,15.8%,10.8%,0.0%,361,243,67.3%
25-HARDEE,2016-17,0.0%,4.6%,1.7%,13.2%,8.0%,0.3%,348,251,72.1%
26-HENDRY,2012-13,0.0%,10.1%,1.6%,8.3%,9.0%,3.2%,566,384,67.8%
26-HENDRY,2013-14,0.0%,11.7%,1.0%,4.9%,13.4%,1.4%,486,328,67.5%
26-HENDRY,2014-15,0.0%,4.1%,1.9%,5.2%,11.2%,0.8%,518,398,76.8%
26-HENDRY,2015-16,0.0%,4.7%,0.6%,4.5%,12.2%,0.0%,493,385,78.1%
26-HENDRY,2016-17,0.0%,1.4%,0.4%,4.4%,9.0%,0.4%,501,423,84.4%
27-HERNANDO,2012-13,0.0%,3.7%,1.5%,7.5%,6.6%,6.6%,"1,743","1,292",74.1%
27-HERNANDO,2013-14,0.0%,4.3%,1.3%,6.4%,7.9%,3.4%,"1,814","1,392",76.7%
27-HERNANDO,2014-15,0.0%,3.6%,1.7%,7.3%,7.1%,2.3%,"1,699","1,325",78.0%
27-HERNANDO,2015-16,0.0%,3.1%,0.8%,7.0%,7.3%,0.8%,"1,706","1,383",81.1%
27-HERNANDO,2016-17,0.0%,4.3%,0.1%,3.3%,9.0%,0.6%,"1,734","1,433",82.6%
28-HIGHLANDS,2012-13,0.0%,4.3%,3.4%,16.5%,13.0%,1.0%,889,549,61.8%
28-HIGHLANDS,2013-14,0.0%,4.3%,2.7%,16.7%,12.0%,0.6%,874,556,63.6%
28-HIGHLANDS,2014-15,0.0%,4.0%,4.0%,19.1%,8.1%,0.5%,881,568,64.5%
28-HIGHLANDS,2015-16,0.0%,4.3%,3.3%,17.4%,6.9%,0.0%,868,591,68.1%
28-HIGHLANDS,2016-17,0.0%,2.3%,3.3%,16.8%,5.4%,0.7%,923,661,71.6%
29-HILLSBOROUGH,2012-13,0.0%,4.4%,1.3%,15.1%,3.1%,1.9%,"14,534","10,775",74.1%
29-HILLSBOROUGH,2013-14,0.0%,4.3%,1.0%,17.2%,2.6%,1.4%,"14,317","10,520",73.5%
29-HILLSBOROUGH,2014-15,0.0%,4.1%,1.1%,14.9%,2.8%,1.0%,"14,502","11,017",76.0%
29-HILLSBOROUGH,2015-16,0.0%,4.1%,0.9%,11.9%,3.3%,0.8%,"14,683","11,610",79.1%
29-HILLSBOROUGH,2016-17,0.0%,2.1%,0.4%,10.4%,3.4%,0.8%,"14,822","12,283",82.9%
30-HOLMES,2012-13,0.0%,3.3%,1.2%,5.8%,9.9%,1.7%,242,189,78.1%
30-HOLMES,2013-14,0.0%,5.2%,2.4%,9.5%,9.5%,1.9%,211,151,71.6%
30-HOLMES,2014-15,0.0%,3.6%,2.7%,7.2%,5.9%,0.0%,221,178,80.5%
30-HOLMES,2015-16,0.0%,3.1%,2.1%,13.0%,9.4%,0.0%,192,139,72.4%
30-HOLMES,2016-17,8.5%,0.0%,2.3%,8.9%,11.6%,0.0%,259,178,68.7%
31-INDIAN RIVER,2012-13,0.0%,4.7%,1.1%,10.4%,1.9%,1.7%,"1,308","1,048",80.1%
31-INDIAN RIVER,2013-14,0.0%,5.2%,0.5%,13.7%,0.4%,1.0%,"1,354","1,071",79.1%
31-INDIAN RIVER,2014-15,0.0%,6.0%,0.8%,10.7%,0.9%,0.3%,"1,312","1,065",81.2%
31-INDIAN RIVER,2015-16,0.0%,4.5%,1.3%,6.2%,0.8%,0.1%,"1,252","1,092",87.2%
31-INDIAN RIVER,2016-17,3.1%,3.3%,0.4%,5.4%,0.6%,0.1%,"1,239","1,079",87.1%
32-JACKSON,2012-13,0.0%,4.3%,0.8%,14.3%,4.3%,4.1%,488,352,72.1%
32-JACKSON,2013-14,0.0%,6.2%,0.6%,17.1%,3.3%,2.7%,486,341,70.2%
32-JACKSON,2014-15,0.0%,4.4%,1.8%,18.6%,4.2%,1.3%,452,315,69.7%
32-JACKSON,2015-16,0.0%,4.5%,0.6%,16.6%,3.4%,2.3%,471,342,72.6%
32-JACKSON,2016-17,0.0%,6.2%,1.2%,14.6%,2.9%,3.3%,486,349,71.8%
33-JEFFERSON,2012-13,0.0%,21.6%,4.1%,25.7%,12.2%,1.4%,74,26,35.1%
33-JEFFERSON,2013-14,0.0%,6.7%,5.0%,23.3%,8.3%,0.0%,60,34,56.7%
33-JEFFERSON,2014-15,0.0%,8.9%,2.2%,13.3%,2.2%,0.0%,45,33,73.3%
33-JEFFERSON,2015-16,0.0%,4.0%,0.0%,20.0%,4.0%,2.0%,50,35,70.0%
33-JEFFERSON,2016-17,0.0%,3.7%,0.0%,37.0%,5.6%,0.0%,54,29,53.7%
34-LAFAYETTE,2012-13,0.0%,3.8%,1.3%,6.3%,0.0%,1.3%,80,70,87.5%
34-LAFAYETTE,2013-14,0.0%,8.0%,1.3%,8.0%,1.3%,1.3%,75,60,80.0%
34-LAFAYETTE,2014-15,0.0%,0.0%,2.6%,5.2%,3.9%,1.3%,77,67,87.0%
34-LAFAYETTE,2015-16,0.0%,0.0%,5.5%,0.0%,1.4%,0.0%,73,68,93.2%
34-LAFAYETTE,2016-17,2.4%,0.0%,2.4%,4.7%,1.2%,1.2%,85,75,88.2%
35-LAKE,2012-13,0.0%,3.8%,1.3%,9.9%,5.3%,1.4%,"3,076","2,407",78.3%
35-LAKE,2013-14,0.0%,5.7%,1.5%,9.7%,5.6%,0.9%,"2,945","2,255",76.6%
35-LAKE,2014-15,0.0%,5.0%,1.3%,11.2%,6.5%,0.1%,"3,075","2,332",75.8%
35-LAKE,2015-16,0.0%,5.1%,1.1%,10.2%,5.4%,0.1%,"3,089","2,411",78.1%
35-LAKE,2016-17,0.0%,3.7%,0.8%,11.4%,6.1%,0.2%,"3,109","2,419",77.8%
36-LEE,2012-13,0.0%,3.7%,2.4%,15.7%,2.8%,1.0%,"6,012","4,471",74.4%
36-LEE,2013-14,0.0%,4.6%,2.0%,13.6%,3.9%,0.7%,"5,837","4,389",75.2%
36-LEE,2014-15,0.0%,4.1%,2.3%,13.1%,5.4%,0.4%,"6,455","4,825",74.7%
36-LEE,2015-16,0.0%,3.6%,2.2%,12.7%,3.5%,0.2%,"6,161","4,794",77.8%
36-LEE,2016-17,0.0%,4.0%,1.7%,11.1%,4.3%,0.1%,"6,461","5,084",78.7%
37-LEON,2012-13,0.0%,0.3%,1.6%,17.2%,3.0%,0.9%,"2,049","1,577",77.0%
37-LEON,2013-14,0.0%,1.1%,1.1%,10.7%,2.7%,0.8%,"2,023","1,690",83.5%
37-LEON,2014-15,0.0%,0.9%,2.0%,7.9%,1.3%,0.6%,"2,053","1,791",87.2%
37-LEON,2015-16,0.0%,0.1%,1.5%,5.1%,0.7%,0.2%,"2,017","1,862",92.3%
37-LEON,2016-17,4.4%,1.0%,2.1%,3.4%,0.4%,0.1%,"2,232","1,978",88.6%
38-LEVY,2012-13,0.0%,0.8%,1.3%,15.2%,4.9%,0.0%,388,302,77.8%
38-LEVY,2013-14,0.0%,1.4%,0.7%,23.6%,4.7%,0.5%,424,293,69.1%
38-LEVY,2014-15,0.0%,0.9%,0.9%,12.0%,4.2%,0.3%,332,271,81.6%
38-LEVY,2015-16,0.0%,2.2%,1.3%,11.9%,3.1%,0.0%,318,259,81.4%
38-LEVY,2016-17,5.9%,1.3%,0.6%,8.8%,3.8%,0.0%,320,255,79.7%
39-LIBERTY,2012-13,0.0%,5.6%,3.3%,18.9%,3.3%,0.0%,90,62,68.9%
39-LIBERTY,2013-14,0.0%,3.2%,1.1%,18.1%,3.2%,3.2%,94,67,71.3%
39-LIBERTY,2014-15,0.0%,0.0%,0.0%,12.8%,3.2%,6.4%,94,73,77.7%
39-LIBERTY,2015-16,0.0%,0.0%,1.0%,18.8%,3.1%,2.1%,96,72,75.0%
39-LIBERTY,2016-17,0.0%,0.0%,0.0%,12.0%,4.8%,1.2%,83,68,81.9%
40-MADISON,2012-13,0.0%,7.5%,6.5%,15.6%,3.2%,3.2%,186,119,64.0%
40-MADISON,2013-14,0.0%,5.4%,2.7%,9.2%,5.9%,1.1%,185,140,75.7%
40-MADISON,2014-15,0.0%,13.6%,1.0%,21.2%,3.0%,3.0%,198,115,58.1%
40-MADISON,2015-16,0.0%,0.7%,2.7%,12.3%,2.7%,1.4%,146,117,80.1%
40-MADISON,2016-17,0.0%,11.9%,3.1%,6.9%,0.6%,0.6%,159,122,76.7%
41-MANATEE,2012-13,0.0%,1.8%,2.8%,13.5%,4.7%,0.4%,"3,077","2,362",76.8%
41-MANATEE,2013-14,0.0%,0.6%,2.9%,11.5%,9.0%,0.4%,"2,969","2,248",75.7%
41-MANATEE,2014-15,0.0%,0.2%,4.0%,10.4%,7.3%,0.2%,"2,909","2,266",77.9%
41-MANATEE,2015-16,0.0%,0.3%,2.4%,7.0%,6.8%,0.1%,"2,779","2,320",83.5%
41-MANATEE,2016-17,6.0%,0.1%,1.4%,6.7%,4.7%,0.1%,"3,175","2,574",81.1%
42-MARION,2012-13,0.0%,4.1%,2.0%,10.7%,3.6%,2.8%,"3,105","2,383",76.7%
42-MARION,2013-14,0.0%,3.8%,2.3%,9.4%,4.9%,1.7%,"3,043","2,370",77.9%
42-MARION,2014-15,0.0%,3.6%,1.5%,10.1%,2.8%,1.3%,"2,999","2,419",80.7%
42-MARION,2015-16,0.0%,2.8%,2.0%,9.1%,3.4%,0.8%,"2,842","2,325",81.8%
42-MARION,2016-17,2.4%,1.4%,1.0%,9.6%,6.3%,0.9%,"3,131","2,457",78.5%
43-MARTIN,2012-13,0.0%,1.5%,1.2%,7.0%,1.4%,1.2%,"1,456","1,277",87.7%
43-MARTIN,2013-14,0.0%,1.3%,1.4%,5.8%,2.1%,0.6%,"1,514","1,345",88.8%
43-MARTIN,2014-15,0.0%,1.5%,0.9%,7.0%,1.6%,0.1%,"1,534","1,363",88.9%
43-MARTIN,2015-16,0.0%,0.4%,0.9%,7.6%,1.6%,0.8%,"1,527","1,355",88.7%
43-MARTIN,2016-17,2.7%,1.2%,0.9%,6.2%,4.3%,0.9%,"1,611","1,351",83.9%
44-MONROE,2012-13,0.0%,2.8%,1.7%,14.3%,4.8%,5.1%,603,430,71.3%
44-MONROE,2013-14,0.0%,3.5%,2.1%,14.7%,5.0%,1.9%,624,454,72.8%
44-MONROE,2014-15,0.0%,4.4%,1.8%,11.8%,3.9%,1.1%,610,469,76.9%
44-MONROE,2015-16,0.0%,4.2%,2.6%,10.2%,4.4%,0.7%,615,479,77.9%
44-MONROE,2016-17,0.0%,4.6%,1.5%,8.8%,4.4%,1.5%,611,484,79.2%
45-NASSAU,2012-13,0.0%,0.0%,1.0%,6.3%,0.7%,1.0%,804,731,90.9%
45-NASSAU,2013-14,0.0%,0.0%,2.1%,6.7%,0.7%,0.6%,864,777,89.9%
45-NASSAU,2014-15,0.0%,0.0%,1.5%,5.1%,1.2%,1.3%,847,770,90.9%
45-NASSAU,2015-16,0.0%,0.0%,0.8%,5.0%,1.6%,1.1%,853,780,91.4%
45-NASSAU,2016-17,1.4%,0.0%,0.1%,5.5%,0.9%,1.2%,962,874,90.9%
46-OKALOOSA,2012-13,0.0%,1.1%,1.3%,12.6%,1.3%,0.9%,"2,050","1,696",82.7%
46-OKALOOSA,2013-14,0.0%,1.4%,1.6%,12.8%,1.5%,0.3%,"2,116","1,746",82.5%
46-OKALOOSA,2014-15,0.0%,0.7%,1.4%,12.9%,2.5%,0.0%,"2,181","1,798",82.4%
46-OKALOOSA,2015-16,0.0%,1.3%,0.8%,11.5%,1.7%,0.2%,"2,055","1,735",84.4%
46-OKALOOSA,2016-17,0.0%,1.8%,0.8%,8.9%,2.1%,0.1%,"2,159","1,862",86.2%
47-OKEECHOBEE,2012-13,0.0%,4.3%,2.0%,9.2%,17.5%,4.0%,446,281,63.0%
47-OKEECHOBEE,2013-14,0.0%,6.6%,1.1%,16.4%,11.4%,3.2%,438,268,61.2%
47-OKEECHOBEE,2014-15,0.0%,4.5%,1.7%,12.0%,12.0%,3.9%,484,319,65.9%
47-OKEECHOBEE,2015-16,0.0%,3.8%,0.5%,14.0%,9.5%,1.7%,421,297,70.5%
47-OKEECHOBEE,2016-17,2.4%,3.3%,0.0%,9.9%,10.5%,2.2%,456,327,71.7%
48-ORANGE,2012-13,0.0%,5.2%,0.9%,14.7%,3.1%,0.2%,"13,273","10,069",75.9%
48-ORANGE,2013-14,0.0%,5.8%,1.1%,15.2%,3.2%,0.1%,"13,488","10,058",74.6%
48-ORANGE,2014-15,0.0%,5.0%,1.1%,14.3%,1.9%,0.1%,"13,441","10,435",77.6%
48-ORANGE,2015-16,0.0%,3.3%,0.9%,13.1%,1.4%,0.0%,"13,606","11,057",81.3%
48-ORANGE,2016-17,0.0%,2.9%,0.9%,10.1%,1.4%,0.0%,"14,143","11,984",84.7%
49-OSCEOLA,2012-13,0.0%,7.1%,2.0%,10.7%,2.1%,0.0%,"4,185","3,267",78.1%
49-OSCEOLA,2013-14,0.0%,6.8%,1.4%,11.6%,2.0%,0.2%,"4,247","3,314",78.0%
49-OSCEOLA,2014-15,0.0%,6.9%,2.2%,8.4%,1.8%,0.0%,"4,174","3,365",80.6%
49-OSCEOLA,2015-16,0.0%,6.5%,1.6%,7.7%,2.3%,0.0%,"4,379","3,589",82.0%
49-OSCEOLA,2016-17,0.0%,4.6%,1.8%,5.5%,1.7%,0.0%,"4,497","3,882",86.3%
50-PALM BEACH,2012-13,0.0%,4.2%,1.4%,9.0%,8.4%,0.7%,"13,914","10,619",76.3%
50-PALM BEACH,2013-14,0.0%,5.2%,1.1%,8.2%,7.3%,0.3%,"13,924","10,840",77.9%
50-PALM BEACH,2014-15,0.0%,4.9%,1.1%,7.7%,6.8%,0.1%,"14,418","11,451",79.4%
50-PALM BEACH,2015-16,0.0%,4.1%,1.0%,7.5%,5.0%,0.1%,"13,841","11,395",82.3%
50-PALM BEACH,2016-17,0.0%,2.7%,0.8%,5.5%,5.9%,0.1%,"14,579","12,391",85.0%
51-PASCO,2012-13,0.0%,3.0%,1.6%,12.8%,3.1%,3.6%,"4,907","3,726",75.9%
51-PASCO,2013-14,0.0%,4.8%,1.5%,10.7%,1.6%,1.9%,"4,866","3,864",79.4%
51-PASCO,2014-15,0.0%,4.7%,1.5%,12.2%,2.0%,1.0%,"4,980","3,913",78.6%
51-PASCO,2015-16,0.0%,4.3%,1.6%,11.8%,2.3%,0.9%,"4,877","3,858",79.1%
51-PASCO,2016-17,0.0%,3.8%,0.9%,10.1%,3.3%,0.4%,"5,227","4,256",81.4%
52-PINELLAS,2012-13,0.0%,2.8%,1.3%,17.8%,4.0%,2.3%,"8,285","5,956",71.9%
52-PINELLAS,2013-14,0.0%,3.9%,1.2%,15.7%,2.1%,0.9%,"7,716","5,883",76.2%
52-PINELLAS,2014-15,0.0%,3.3%,1.1%,13.7%,3.2%,0.4%,"7,806","6,110",78.3%
52-PINELLAS,2015-16,0.0%,3.2%,0.9%,10.8%,5.0%,0.0%,"7,662","6,135",80.1%
52-PINELLAS,2016-17,0.0%,2.3%,0.4%,9.6%,4.1%,0.6%,"7,643","6,337",82.9%
53-POLK,2012-13,0.0%,5.0%,2.1%,10.4%,11.9%,1.2%,"6,728","4,668",69.4%
53-POLK,2013-14,0.0%,6.8%,2.4%,10.9%,10.0%,0.8%,"6,369","4,394",69.0%
53-POLK,2014-15,0.0%,6.0%,1.7%,13.2%,9.0%,0.8%,"6,849","4,753",69.4%
53-POLK,2015-16,0.0%,4.8%,2.0%,11.9%,8.8%,0.7%,"7,006","5,029",71.8%
53-POLK,2016-17,0.0%,4.2%,1.9%,9.5%,8.4%,0.5%,"7,196","5,425",75.4%
54-PUTNAM,2012-13,0.0%,6.3%,7.8%,8.7%,14.2%,4.7%,744,433,58.2%
54-PUTNAM,2013-14,0.0%,6.2%,7.0%,12.5%,14.3%,1.7%,711,414,58.2%
54-PUTNAM,2014-15,0.0%,7.2%,5.6%,18.3%,13.9%,0.1%,698,383,54.9%
54-PUTNAM,2015-16,0.0%,8.2%,3.2%,14.0%,11.1%,0.0%,686,436,63.6%
54-PUTNAM,2016-17,0.0%,3.2%,2.5%,14.7%,7.1%,0.3%,709,512,72.2%
55-ST. JOHNS,2012-13,0.0%,1.6%,1.5%,6.2%,3.6%,0.4%,"2,483","2,153",86.7%
55-ST. JOHNS,2013-14,0.0%,1.2%,1.3%,6.1%,3.0%,0.7%,"2,508","2,203",87.8%
55-ST. JOHNS,2014-15,0.0%,0.8%,1.0%,4.5%,2.6%,0.6%,"2,516","2,277",90.5%
55-ST. JOHNS,2015-16,0.0%,0.4%,1.5%,4.7%,2.0%,0.2%,"2,516","2,294",91.2%
55-ST. JOHNS,2016-17,0.0%,1.2%,0.7%,4.2%,2.9%,0.2%,"2,809","2,552",90.9%
56-ST. LUCIE,2012-13,0.0%,5.3%,1.1%,20.0%,5.8%,0.0%,"3,132","2,120",67.7%
56-ST. LUCIE,2013-14,0.0%,5.6%,0.8%,15.9%,4.4%,0.0%,"2,957","2,164",73.2%
56-ST. LUCIE,2014-15,0.0%,6.3%,0.7%,14.4%,3.0%,0.1%,"2,967","2,239",75.5%
56-ST. LUCIE,2015-16,0.0%,2.3%,0.9%,8.1%,1.8%,0.1%,"2,897","2,515",86.8%
56-ST. LUCIE,2016-17,1.7%,0.4%,0.2%,5.7%,1.9%,0.0%,"3,065","2,761",90.1%
57-SANTA ROSA,2012-13,0.0%,0.6%,1.2%,14.1%,3.6%,1.6%,"1,934","1,526",78.9%
57-SANTA ROSA,2013-14,0.0%,0.9%,1.2%,10.7%,3.4%,1.0%,"1,922","1,592",82.8%
57-SANTA ROSA,2014-15,0.0%,0.9%,1.5%,10.3%,3.2%,0.8%,"2,002","1,666",83.2%
57-SANTA ROSA,2015-16,0.0%,0.5%,0.8%,9.9%,2.6%,0.5%,"2,018","1,730",85.7%
57-SANTA ROSA,2016-17,0.0%,2.1%,0.5%,7.9%,2.9%,0.2%,"2,121","1,833",86.4%
58-SARASOTA,2012-13,0.0%,2.6%,1.7%,9.6%,5.1%,4.9%,"3,347","2,549",76.2%
58-SARASOTA,2013-14,0.0%,2.6%,2.0%,7.5%,4.3%,2.4%,"3,119","2,535",81.3%
58-SARASOTA,2014-15,0.0%,2.5%,2.0%,10.0%,5.0%,1.3%,"3,286","2,601",79.2%
58-SARASOTA,2015-16,0.0%,1.8%,1.0%,8.5%,3.1%,0.3%,"3,190","2,724",85.4%
58-SARASOTA,2016-17,0.9%,2.7%,0.7%,6.3%,3.6%,0.0%,"3,297","2,827",85.7%
59-SEMINOLE,2012-13,0.0%,1.8%,0.9%,11.7%,0.8%,0.9%,"5,199","4,359",83.8%
59-SEMINOLE,2013-14,0.0%,2.1%,1.2%,9.6%,1.0%,1.1%,"5,005","4,257",85.1%
59-SEMINOLE,2014-15,0.0%,2.3%,0.8%,8.7%,1.4%,0.3%,"5,248","4,536",86.4%
59-SEMINOLE,2015-16,0.0%,2.0%,0.6%,7.1%,1.3%,0.5%,"5,079","4,487",88.3%
59-SEMINOLE,2016-17,0.0%,2.1%,0.7%,6.3%,1.8%,0.5%,"5,283","4,680",88.6%
60-SUMTER,2012-13,0.0%,1.9%,2.9%,7.4%,7.7%,1.5%,517,406,78.5%
60-SUMTER,2013-14,0.0%,0.8%,1.8%,7.2%,6.1%,0.8%,511,426,83.4%
60-SUMTER,2014-15,0.0%,1.4%,0.4%,8.0%,9.4%,0.4%,562,452,80.4%
60-SUMTER,2015-16,0.0%,0.4%,1.8%,6.5%,6.1%,0.6%,492,416,84.6%
60-SUMTER,2016-17,1.8%,1.2%,1.4%,6.6%,3.6%,0.2%,503,429,85.3%
61-SUWANNEE,2012-13,0.0%,3.9%,4.4%,27.1%,3.9%,1.3%,388,231,59.5%
61-SUWANNEE,2013-14,0.0%,6.6%,4.6%,11.1%,1.1%,0.0%,350,268,76.6%
61-SUWANNEE,2014-15,0.0%,11.3%,2.6%,16.0%,1.9%,0.7%,425,287,67.5%
61-SUWANNEE,2015-16,0.0%,2.3%,2.6%,4.7%,0.8%,0.0%,384,344,89.6%
61-SUWANNEE,2016-17,0.3%,0.3%,3.2%,4.5%,1.3%,0.0%,378,342,90.5%
62-TAYLOR,2012-13,0.0%,2.0%,3.0%,22.8%,9.1%,0.5%,197,123,62.4%
62-TAYLOR,2013-14,0.0%,3.7%,1.4%,28.5%,15.0%,1.9%,214,106,49.5%
62-TAYLOR,2014-15,0.0%,0.0%,4.8%,19.8%,6.6%,4.2%,167,108,64.7%
62-TAYLOR,2015-16,0.0%,0.6%,4.6%,11.5%,12.6%,0.0%,174,123,70.7%
62-TAYLOR,2016-17,6.1%,0.0%,4.8%,9.1%,9.7%,0.0%,165,116,70.3%
63-UNION,2012-13,0.0%,1.2%,0.0%,18.5%,1.2%,0.0%,162,128,79.0%
63-UNION,2013-14,0.0%,0.0%,3.2%,10.2%,3.8%,0.0%,157,130,82.8%
63-UNION,2014-15,0.0%,0.0%,1.7%,14.9%,2.9%,2.9%,175,136,77.7%
63-UNION,2015-16,0.0%,0.0%,0.6%,20.2%,3.7%,3.1%,163,118,72.4%
63-UNION,2016-17,0.0%,1.3%,3.2%,12.0%,1.3%,1.3%,158,128,81.0%
64-VOLUSIA,2012-13,0.0%,3.2%,1.7%,24.6%,2.5%,0.0%,"4,837","3,290",68.0%
64-VOLUSIA,2013-14,0.0%,3.6%,1.4%,22.2%,2.1%,0.1%,"4,819","3,403",70.6%
64-VOLUSIA,2014-15,0.0%,4.9%,1.6%,19.3%,2.5%,0.0%,"4,744","3,397",71.6%
64-VOLUSIA,2015-16,0.0%,4.2%,0.7%,16.7%,2.2%,0.2%,"4,760","3,619",76.0%
64-VOLUSIA,2016-17,0.0%,5.2%,0.1%,14.7%,3.4%,0.1%,"4,725","3,617",76.6%
65-WAKULLA,2012-13,0.0%,0.3%,1.3%,11.5%,5.3%,2.6%,304,240,78.9%
65-WAKULLA,2013-14,0.0%,0.3%,2.1%,14.2%,6.8%,1.5%,338,254,75.1%
65-WAKULLA,2014-15,0.0%,0.6%,1.1%,15.1%,3.4%,1.7%,352,275,78.1%
65-WAKULLA,2015-16,0.0%,0.0%,1.2%,10.7%,1.2%,0.0%,327,284,86.9%
65-WAKULLA,2016-17,1.1%,0.0%,0.3%,10.2%,1.4%,0.3%,354,307,86.7%
66-WALTON,2012-13,0.0%,2.3%,1.3%,11.3%,7.3%,0.2%,478,371,77.6%
66-WALTON,2013-14,0.0%,2.0%,0.2%,18.6%,10.7%,0.0%,494,338,68.4%
66-WALTON,2014-15,0.0%,2.7%,0.6%,15.1%,7.3%,0.0%,524,390,74.4%
66-WALTON,2015-16,0.0%,4.1%,0.4%,9.9%,8.1%,0.2%,484,374,77.3%
66-WALTON,2016-17,0.0%,3.5%,0.5%,9.0%,4.8%,0.0%,578,475,82.2%
67-WASHINGTON,2012-13,0.0%,2.3%,1.5%,15.8%,6.9%,2.3%,259,184,71.0%
67-WASHINGTON,2013-14,0.0%,3.3%,1.9%,17.5%,9.7%,1.5%,269,178,66.2%
67-WASHINGTON,2014-15,0.0%,3.3%,0.4%,14.0%,10.3%,1.5%,271,191,70.5%
67-WASHINGTON,2015-16,0.0%,1.5%,2.6%,8.0%,10.2%,1.5%,274,209,76.3%
67-WASHINGTON,2016-17,0.0%,3.1%,1.2%,6.6%,9.3%,1.9%,257,200,77.8%
68-DEAF/BLIND,2012-13,0.0%,3.3%,34.1%,18.7%,0.0%,0.0%,91,40,44.0%
68-DEAF/BLIND,2013-14,0.0%,3.6%,33.9%,10.7%,0.0%,0.0%,56,29,51.8%
68-DEAF/BLIND,2014-15,0.0%,0.0%,35.8%,16.4%,1.5%,0.0%,67,31,46.3%
68-DEAF/BLIND,2015-16,0.0%,0.0%,40.0%,12.9%,0.0%,0.0%,70,33,47.1%
68-DEAF/BLIND,2016-17,0.0%,30.0%,20.0%,1.7%,0.0%,0.0%,60,29,48.3%
69-WASH SPECIAL,2012-13,**.*,**.*,**.*,**.*,**.*,**.*,**,**,**.*
69-WASH SPECIAL,2013-14,**.*,**.*,**.*,**.*,**.*,**.*,**,**,**.*
69-WASH SPECIAL,2014-15,**.*,**.*,**.*,**.*,**.*,**.*,**,**,**.*
69-WASH SPECIAL,2015-16,**.*,**.*,**.*,**.*,**.*,**.*,**,**,**.*
69-WASH SPECIAL,2016-17,**.*,**.*,**.*,**.*,**.*,**.*,**,**,**.*
71-FL VIRTUAL,2012-13,**.*,**.*,**.*,**.*,**.*,**.*,**,**,**.*
71-FL VIRTUAL,2013-14,0.0%,1.9%,0.0%,15.5%,7.7%,0.0%,470,352,74.9%
71-FL VIRTUAL,2014-15,0.0%,3.3%,0.0%,17.2%,8.6%,0.0%,546,387,70.9%
71-FL VIRTUAL,2015-16,0.0%,3.0%,0.0%,23.6%,6.8%,0.0%,763,508,66.6%
71-FL VIRTUAL,2016-17,0.0%,2.5%,0.0%,25.3%,4.9%,0.0%,894,602,67.3%
72-FAU LAB SCH,2012-13,0.0%,0.0%,0.0%,0.0%,0.0%,0.0%,29,29,100.0%
72-FAU LAB SCH,2013-14,0.0%,0.0%,0.0%,0.0%,0.0%,0.0%,75,75,100.0%
72-FAU LAB SCH,2014-15,0.0%,0.0%,0.0%,0.0%,0.0%,0.0%,72,72,100.0%
72-FAU LAB SCH,2015-16,0.0%,0.0%,0.0%,0.0%,0.0%,0.0%,116,116,100.0%
72-FAU LAB SCH,2016-17,0.0%,0.0%,0.0%,0.0%,0.0%,0.0%,124,124,100.0%
73-FSU LAB SCH,2012-13,0.0%,0.6%,0.0%,1.8%,0.0%,0.0%,168,164,97.6%
73-FSU LAB SCH,2013-14,0.0%,2.0%,0.0%,10.0%,0.0%,0.0%,150,132,88.0%
73-FSU LAB SCH,2014-15,0.0%,1.4%,0.0%,0.7%,0.7%,0.0%,139,135,97.1%
73-FSU LAB SCH,2015-16,0.0%,0.7%,0.0%,0.0%,0.7%,0.0%,138,136,98.6%
73-FSU LAB SCH,2016-17,0.0%,0.0%,0.0%,1.3%,0.0%,0.0%,151,149,98.7%
74-FAMU LAB SCH,2012-13,0.0%,4.8%,0.0%,2.4%,0.0%,0.0%,42,39,92.9%
74-FAMU LAB SCH,2013-14,0.0%,0.0%,0.0%,23.3%,0.0%,0.0%,30,23,76.7%
74-FAMU LAB SCH,2014-15,0.0%,2.9%,0.0%,0.0%,0.0%,0.0%,34,33,97.1%
74-FAMU LAB SCH,2015-16,0.0%,5.1%,0.0%,0.0%,0.0%,0.0%,39,37,94.9%
74-FAMU LAB SCH,2016-17,0.0%,10.7%,0.0%,0.0%,0.0%,0.0%,28,25,89.3%
75-UF LAB SCH,2012-13,0.0%,0.8%,0.0%,0.8%,3.4%,0.0%,119,113,95.0%
75-UF LAB SCH,2013-14,0.0%,0.9%,0.0%,0.9%,0.9%,0.0%,110,107,97.3%
75-UF LAB SCH,2014-15,0.0%,0.0%,0.0%,2.7%,0.0%,0.0%,113,110,97.3%
75-UF LAB SCH,2015-16,0.0%,0.9%,0.0%,1.8%,0.0%,0.9%,112,108,96.4%
75-UF LAB SCH,2016-17,0.0%,0.9%,0.0%,0.9%,0.0%,0.0%,111,109,98.2%