Combined Mathematics (FSA Mathematics and FSA EOCs),,,,,,,,,,,,,,,,,,,,,,,,,,,,,,,,,
"Applied filters: Grade Level equal to 09-Ninth, 10-Tenth, 11-Eleventh, 12-Twelfth",,,,,,,,,,,,,,,,,,,,,,,,,,,,,,,,,
,,,,,,,,,,,,,,,,,,,,,,,,,,,,,,,,,
,Year,2014-15,2014-15,2014-15,2014-15,2014-15,2014-15,2014-15,2014-15,2015-16,2015-16,2015-16,2015-16,2015-16,2015-16,2015-16,2015-16,2016-17,2016-17,2016-17,2016-17,2016-17,2016-17,2016-17,2016-17,2017-18,2017-18,2017-18,2017-18,2017-18,2017-18,2017-18,2017-18
,,% of Students (Level 5),# of Students,# of Students (Level 3 and Above),% of Students (Level 1),% of Students (Level 2),% of Students (Level 3 and Above),% of Students (Level 4 and Above),% of Students (Level 4),% of Students (Level 5),# of Students,# of Students (Level 3 and Above),% of Students (Level 1),% of Students (Level 2),% of Students (Level 3 and Above),% of Students (Level 4 and Above),% of Students (Level 4),% of Students (Level 5),# of Students,# of Students (Level 3 and Above),% of Students (Level 1),% of Students (Level 2),% of Students (Level 3 and Above),% of Students (Level 4 and Above),% of Students (Level 4),% of Students (Level 5),# of Students,# of Students (Level 3 and Above),% of Students (Level 1),% of Students (Level 2),% of Students (Level 3 and Above),% of Students (Level 4 and Above),% of Students (Level 4)
District,Grade Level,,,,,,,,,,,,,,,,,,,,,,,,,,,,,,,,
01-ALACHUA,09-Ninth,15.0%,"1,816","1,120",24.3%,14.0%,61.7%,29.4%,14.4%,14.8%,"1,772",963,32.0%,13.7%,54.3%,27.1%,12.3%,15.5%,"1,789",951,34.3%,12.6%,53.2%,26.8%,11.3%,12.3%,"1,567",856,31.2%,14.2%,54.6%,27.1%,14.8%
01-ALACHUA,10-Tenth,12.8%,"1,391",878,17.3%,19.6%,63.1%,26.3%,13.5%,10.4%,"1,522",829,26.0%,19.5%,54.5%,21.5%,11.1%,11.8%,"1,347",754,22.6%,21.5%,56.0%,23.7%,11.9%,10.8%,692,399,22.4%,19.9%,57.7%,24.6%,13.7%
01-ALACHUA,11-Eleventh,2.2%,952,264,47.8%,24.5%,27.7%,6.4%,4.2%,2.1%,"1,054",276,51.8%,22.0%,26.2%,6.3%,4.2%,4.2%,942,288,48.6%,20.8%,30.6%,9.9%,5.6%,3.8%,447,127,53.9%,17.7%,28.4%,12.3%,8.5%
01-ALACHUA,12-Twelfth,4.4%,91,20,62.6%,15.4%,22.0%,9.9%,5.5%,3.0%,166,37,65.1%,12.7%,22.3%,9.0%,6.0%,6.9%,144,40,59.7%,12.5%,27.8%,11.1%,4.2%,6.7%,120,43,55.0%,9.2%,35.8%,17.5%,10.8%
02-BAKER,09-Ninth,4.8%,378,187,34.4%,16.1%,49.5%,16.9%,12.2%,5.9%,353,182,29.7%,18.7%,51.6%,20.1%,14.2%,8.3%,290,185,21.7%,14.5%,63.8%,27.9%,19.7%,16.9%,272,196,17.3%,10.7%,72.1%,37.1%,20.2%
02-BAKER,10-Tenth,1.7%,288,129,26.0%,29.2%,44.8%,9.7%,8.0%,6.9%,247,144,13.8%,27.9%,58.3%,17.0%,10.1%,10.1%,189,158,6.3%,10.1%,83.6%,27.0%,16.9%,9.7%,154,123,13.6%,6.5%,79.9%,43.5%,33.8%
02-BAKER,11-Eleventh,0.0%,124,20,48.4%,35.5%,16.1%,0.0%,0.0%,0.7%,148,24,48.0%,35.8%,16.2%,3.4%,2.7%,1.3%,158,45,46.8%,24.7%,28.5%,3.8%,2.5%,1.6%,123,88,12.2%,16.3%,71.5%,17.9%,16.3%
02-BAKER,12-Twelfth,**.*,**,**,**.*,**.*,**.*,**.*,**.*,**.*,**,**,**.*,**.*,**.*,**.*,**.*,0.0%,12,**,58.3%,16.7%,25.0%,0.0%,0.0%,0.0%,18,13,11.1%,16.7%,72.2%,11.1%,11.1%
03-BAY,09-Ninth,9.2%,"1,775","1,011",27.2%,15.9%,57.0%,23.4%,14.1%,10.1%,"1,508",938,22.4%,15.4%,62.2%,25.7%,15.6%,11.9%,"1,552","1,056",18.8%,13.2%,68.0%,29.4%,17.5%,12.2%,"1,250",837,20.3%,12.7%,67.0%,30.3%,18.2%
03-BAY,10-Tenth,7.4%,"1,171",699,18.4%,21.9%,59.7%,19.3%,11.9%,6.4%,"1,179",653,24.3%,20.4%,55.4%,15.9%,9.6%,6.3%,"1,243",677,26.2%,19.3%,54.5%,16.4%,10.1%,4.0%,"1,041",577,25.9%,18.6%,55.4%,17.6%,13.5%
03-BAY,11-Eleventh,3.9%,751,264,40.6%,24.2%,35.2%,8.1%,4.3%,1.8%,813,243,45.9%,24.2%,29.9%,6.0%,4.2%,2.8%,774,275,38.4%,26.1%,35.5%,7.0%,4.1%,2.0%,496,169,38.7%,27.2%,34.1%,7.5%,5.4%
03-BAY,12-Twelfth,0.6%,167,34,52.7%,26.9%,20.4%,3.6%,3.0%,1.9%,155,29,54.2%,27.1%,18.7%,3.2%,1.3%,2.7%,186,41,53.2%,24.7%,22.0%,5.9%,3.2%,4.5%,155,43,53.5%,18.7%,27.7%,7.1%,2.6%
04-BRADFORD,09-Ninth,1.0%,194,61,42.8%,25.8%,31.4%,4.1%,3.1%,0.5%,190,33,61.6%,21.1%,17.4%,6.3%,5.8%,4.3%,92,54,22.8%,18.5%,58.7%,13.0%,8.7%,3.4%,59,33,16.9%,27.1%,55.9%,10.2%,6.8%
04-BRADFORD,10-Tenth,0.6%,171,34,53.8%,26.3%,19.9%,3.5%,2.9%,0.0%,150,21,64.0%,22.0%,14.0%,1.3%,1.3%,4.6%,65,30,38.5%,15.4%,46.2%,18.5%,13.8%,1.1%,90,24,55.6%,17.8%,26.7%,6.7%,5.6%
04-BRADFORD,11-Eleventh,0.0%,41,**,48.8%,29.3%,22.0%,2.4%,2.4%,0.0%,35,**,45.7%,45.7%,8.6%,0.0%,0.0%,6.1%,33,**,51.5%,21.2%,27.3%,6.1%,0.0%,1.2%,83,**,72.3%,18.1%,9.6%,1.2%,0.0%
04-BRADFORD,12-Twelfth,**.*,**,**,**.*,**.*,**.*,**.*,**.*,0.0%,13,**,61.5%,38.5%,0.0%,0.0%,0.0%,0.0%,16,**,81.3%,18.8%,0.0%,0.0%,0.0%,14.3%,14,**,71.4%,0.0%,28.6%,14.3%,0.0%
05-BREVARD,09-Ninth,11.7%,"4,534","3,102",17.9%,13.7%,68.4%,28.0%,16.3%,11.2%,"4,613","2,895",20.5%,16.8%,62.8%,25.2%,14.0%,12.7%,"4,468","2,919",19.3%,15.4%,65.3%,26.6%,13.9%,10.4%,"3,724","2,460",18.9%,15.0%,66.1%,27.4%,17.1%
05-BREVARD,10-Tenth,5.2%,"4,256","2,109",27.3%,23.1%,49.6%,13.4%,8.2%,5.9%,"4,617","2,237",30.2%,21.3%,48.5%,14.4%,8.5%,7.0%,"4,239","1,945",32.0%,22.2%,45.9%,14.2%,7.2%,2.1%,"2,419",899,42.4%,20.4%,37.2%,7.9%,5.7%
05-BREVARD,11-Eleventh,0.8%,"1,933",408,53.1%,25.8%,21.1%,2.9%,2.1%,1.8%,"2,224",535,52.3%,23.6%,24.1%,5.3%,3.5%,2.1%,"2,196",572,49.3%,24.6%,26.0%,5.4%,3.3%,1.6%,764,159,60.2%,19.0%,20.8%,4.2%,2.6%
05-BREVARD,12-Twelfth,1.1%,285,55,61.1%,19.6%,19.3%,2.1%,1.1%,2.0%,342,54,64.6%,19.6%,15.8%,4.7%,2.6%,2.7%,411,75,59.4%,22.4%,18.2%,4.9%,2.2%,3.0%,233,44,64.8%,16.3%,18.9%,5.6%,2.6%
06-BROWARD,09-Ninth,10.5%,"16,776","9,705",27.7%,14.4%,57.9%,24.2%,13.7%,11.7%,"16,337","9,559",26.1%,15.4%,58.5%,24.7%,13.1%,13.8%,"14,594","10,034",17.7%,13.6%,68.8%,31.3%,17.5%,10.3%,"11,635","7,475",21.3%,14.5%,64.2%,27.2%,17.0%
06-BROWARD,10-Tenth,6.0%,"14,336","6,688",32.3%,21.0%,46.7%,14.6%,8.6%,6.0%,"15,208","6,302",38.0%,20.6%,41.4%,13.9%,7.9%,7.9%,"13,626","6,695",30.9%,19.9%,49.1%,17.4%,9.5%,4.0%,"11,257","4,533",40.3%,19.5%,40.3%,12.1%,8.0%
06-BROWARD,11-Eleventh,1.5%,"9,443","2,229",53.0%,23.4%,23.6%,4.4%,2.8%,3.4%,"9,850","2,572",51.6%,22.3%,26.1%,6.9%,3.6%,3.7%,"9,436","2,809",47.7%,22.5%,29.8%,8.3%,4.6%,1.9%,"5,227",970,64.8%,16.6%,18.6%,5.1%,3.3%
06-BROWARD,12-Twelfth,0.5%,"2,193",215,75.1%,15.1%,9.8%,1.4%,0.9%,1.3%,"2,075",241,72.3%,16.1%,11.6%,2.8%,1.5%,2.0%,"2,522",470,64.9%,16.5%,18.6%,5.0%,3.0%,2.5%,"1,649",303,70.8%,10.8%,18.4%,5.6%,3.0%
07-CALHOUN,09-Ninth,7.8%,129,99,1.6%,21.7%,76.7%,28.7%,20.9%,9.0%,122,90,13.1%,13.1%,73.8%,28.7%,19.7%,9.8%,133,87,15.8%,18.8%,65.4%,33.1%,23.3%,10.9%,137,88,16.8%,19.0%,64.2%,25.5%,14.6%
07-CALHOUN,10-Tenth,8.6%,139,87,14.4%,23.0%,62.6%,17.3%,8.6%,3.8%,159,67,30.8%,27.0%,42.1%,10.1%,6.3%,12.2%,147,92,19.0%,18.4%,62.6%,23.1%,10.9%,3.1%,127,60,33.1%,19.7%,47.2%,14.2%,11.0%
07-CALHOUN,11-Eleventh,2.2%,136,26,50.0%,30.9%,19.1%,7.4%,5.1%,5.3%,57,18,47.4%,21.1%,31.6%,7.0%,1.8%,0.0%,56,14,55.4%,19.6%,25.0%,7.1%,7.1%,5.3%,19,**,52.6%,21.1%,26.3%,15.8%,10.5%
07-CALHOUN,12-Twelfth,**.*,**,**,**.*,**.*,**.*,**.*,**.*,**.*,**,**,**.*,**.*,**.*,**.*,**.*,0.0%,11,**,63.6%,18.2%,18.2%,9.1%,9.1%,**.*,**,**,**.*,**.*,**.*,**.*,**.*
08-CHARLOTTE,09-Ninth,6.9%,"1,255",721,28.1%,14.4%,57.5%,22.1%,15.1%,7.0%,"1,237",719,26.1%,15.8%,58.1%,20.2%,13.3%,9.6%,"1,275",746,28.5%,13.0%,58.5%,25.9%,16.3%,11.0%,852,598,14.4%,15.4%,70.2%,28.6%,17.6%
08-CHARLOTTE,10-Tenth,6.0%,"1,194",577,29.2%,22.4%,48.3%,14.4%,8.4%,5.0%,"1,291",559,33.8%,22.9%,43.3%,13.7%,8.7%,7.1%,"1,074",588,24.4%,20.9%,54.7%,17.4%,10.3%,7.0%,645,367,24.7%,18.4%,56.9%,18.9%,11.9%
08-CHARLOTTE,11-Eleventh,1.2%,608,135,50.0%,27.8%,22.2%,2.8%,1.6%,1.9%,575,148,47.8%,26.4%,25.7%,5.0%,3.1%,3.1%,520,212,34.4%,24.8%,40.8%,9.4%,6.3%,1.8%,273,66,46.2%,29.7%,24.2%,5.5%,3.7%
08-CHARLOTTE,12-Twelfth,0.0%,83,**,66.3%,22.9%,10.8%,2.4%,2.4%,2.0%,102,23,67.6%,9.8%,22.5%,4.9%,2.9%,0.0%,57,17,52.6%,17.5%,29.8%,1.8%,1.8%,4.3%,47,19,42.6%,17.0%,40.4%,14.9%,10.6%
09-CITRUS,09-Ninth,6.8%,706,422,24.9%,15.3%,59.8%,20.5%,13.7%,4.7%,953,587,21.1%,17.3%,61.6%,18.0%,13.3%,5.7%,"1,000",596,24.0%,16.4%,59.6%,20.2%,14.5%,4.8%,855,556,20.2%,14.7%,65.0%,22.6%,17.8%
09-CITRUS,10-Tenth,3.6%,641,315,26.8%,24.0%,49.1%,10.9%,7.3%,2.2%,873,421,28.1%,23.7%,48.2%,10.1%,7.9%,1.7%,769,372,27.4%,24.2%,48.4%,8.6%,6.9%,2.3%,645,285,31.5%,24.3%,44.2%,8.4%,6.0%
09-CITRUS,11-Eleventh,0.8%,476,101,58.0%,20.8%,21.2%,3.8%,2.9%,0.4%,530,120,50.8%,26.6%,22.6%,3.4%,3.0%,2.5%,448,137,45.1%,24.3%,30.6%,4.5%,2.0%,1.0%,206,62,37.4%,32.5%,30.1%,4.9%,3.9%
09-CITRUS,12-Twelfth,2.3%,130,20,60.8%,23.8%,15.4%,3.1%,0.8%,0.7%,145,30,62.8%,16.6%,20.7%,4.1%,3.4%,2.0%,102,24,52.9%,23.5%,23.5%,2.0%,0.0%,2.6%,78,20,56.4%,17.9%,25.6%,3.8%,1.3%
10-CLAY,09-Ninth,13.8%,"2,766","1,853",21.0%,12.0%,67.0%,32.0%,18.3%,11.5%,"2,901","1,823",24.3%,12.9%,62.8%,27.7%,16.2%,13.2%,"2,792","1,905",21.4%,10.4%,68.2%,33.2%,20.0%,9.3%,"2,843","1,757",24.9%,13.3%,61.8%,27.2%,17.9%
10-CLAY,10-Tenth,8.9%,"2,325","1,501",16.6%,18.8%,64.6%,22.6%,13.7%,11.4%,"2,389","1,499",20.1%,17.2%,62.7%,24.3%,12.9%,12.2%,"2,221","1,448",17.0%,17.8%,65.2%,28.2%,16.0%,4.2%,"1,554",877,22.0%,21.6%,56.4%,16.4%,12.2%
10-CLAY,11-Eleventh,0.7%,"1,005",266,42.4%,31.1%,26.5%,3.7%,3.0%,1.9%,"1,602",513,40.4%,27.6%,32.0%,6.8%,4.9%,3.2%,"1,333",453,41.3%,24.8%,34.0%,7.8%,4.7%,1.2%,745,145,55.2%,25.4%,19.5%,3.6%,2.4%
10-CLAY,12-Twelfth,2.2%,45,12,35.6%,37.8%,26.7%,4.4%,2.2%,1.5%,132,34,46.2%,28.0%,25.8%,4.5%,3.0%,2.4%,245,63,51.0%,23.3%,25.7%,7.8%,5.3%,7.1%,98,37,53.1%,9.2%,37.8%,11.2%,4.1%
11-COLLIER,09-Ninth,9.3%,"3,251","1,893",24.4%,17.4%,58.2%,21.6%,12.3%,11.7%,"3,438","2,033",27.1%,13.8%,59.1%,24.3%,12.6%,14.3%,"3,665","2,348",24.6%,11.4%,64.1%,31.1%,16.8%,14.9%,"3,391","2,125",25.4%,11.9%,62.7%,30.7%,15.9%
11-COLLIER,10-Tenth,8.9%,"2,520","1,373",22.8%,22.7%,54.5%,18.6%,9.7%,10.3%,"2,356","1,342",21.7%,21.3%,57.0%,20.9%,10.7%,16.2%,"2,223","1,561",14.0%,15.8%,70.2%,29.6%,13.4%,7.1%,"1,473","1,010",13.8%,17.7%,68.6%,20.8%,13.8%
11-COLLIER,11-Eleventh,2.7%,"1,756",469,49.4%,23.9%,26.7%,6.0%,3.4%,2.3%,"1,434",413,46.6%,24.6%,28.8%,6.4%,4.1%,3.8%,"1,326",466,43.8%,21.0%,35.1%,9.2%,5.4%,2.6%,"1,167",391,43.6%,22.9%,33.5%,7.6%,5.1%
11-COLLIER,12-Twelfth,0.6%,165,27,57.0%,26.7%,16.4%,1.2%,0.6%,5.0%,119,37,43.7%,25.2%,31.1%,9.2%,4.2%,7.9%,152,49,43.4%,24.3%,32.2%,13.2%,5.3%,13.2%,106,45,42.5%,15.1%,42.5%,23.6%,10.4%
12-COLUMBIA,09-Ninth,5.1%,665,271,36.7%,22.6%,40.8%,11.4%,6.3%,2.6%,613,210,44.0%,21.7%,34.3%,7.3%,4.7%,3.1%,703,286,40.3%,19.1%,40.7%,10.0%,6.8%,5.9%,610,285,41.5%,11.8%,46.7%,18.9%,13.0%
12-COLUMBIA,10-Tenth,5.6%,465,202,38.7%,17.8%,43.4%,17.2%,11.6%,7.5%,424,198,35.1%,18.2%,46.7%,18.4%,10.8%,6.3%,464,217,30.8%,22.4%,46.8%,13.8%,7.5%,2.0%,294,113,36.1%,25.5%,38.4%,9.9%,7.8%
12-COLUMBIA,11-Eleventh,0.7%,414,170,38.9%,20.0%,41.1%,6.0%,5.3%,1.5%,408,154,39.0%,23.3%,37.7%,4.9%,3.4%,2.3%,390,112,49.0%,22.3%,28.7%,5.9%,3.6%,0.6%,163,19,74.2%,14.1%,11.7%,0.6%,0.0%
12-COLUMBIA,12-Twelfth,0.0%,27,10,59.3%,3.7%,37.0%,0.0%,0.0%,0.0%,79,**,77.2%,13.9%,8.9%,1.3%,1.3%,0.0%,39,**,56.4%,30.8%,12.8%,2.6%,2.6%,0.0%,29,**,69.0%,13.8%,17.2%,3.4%,3.4%
13-MIAMI-DADE,09-Ninth,6.9%,"26,487","12,750",35.0%,16.8%,48.1%,17.0%,10.1%,7.5%,"26,018","12,152",37.4%,15.9%,46.7%,17.3%,9.8%,10.9%,"25,578","13,492",34.2%,13.1%,52.7%,23.4%,12.5%,8.6%,"23,043","11,956",34.9%,13.2%,51.9%,21.3%,12.7%
13-MIAMI-DADE,10-Tenth,3.6%,"23,544","7,910",45.7%,20.7%,33.6%,9.1%,5.4%,4.4%,"24,155","7,708",48.8%,19.3%,31.9%,10.1%,5.7%,5.8%,"22,232","8,148",44.3%,19.0%,36.6%,12.6%,6.8%,3.5%,"16,442","5,733",45.7%,19.4%,34.9%,10.1%,6.6%
13-MIAMI-DADE,11-Eleventh,0.8%,"14,443","1,954",70.2%,16.2%,13.5%,2.4%,1.6%,2.1%,"10,507","1,916",63.2%,18.5%,18.2%,4.5%,2.4%,4.7%,"6,951","2,008",52.4%,18.7%,28.9%,9.5%,4.8%,5.7%,"1,628",517,55.7%,12.6%,31.8%,13.0%,7.2%
13-MIAMI-DADE,12-Twelfth,1.3%,756,68,78.7%,12.3%,9.0%,2.8%,1.5%,0.9%,642,75,74.0%,14.3%,11.7%,3.1%,2.2%,2.9%,787,152,69.5%,11.2%,19.3%,6.2%,3.3%,6.8%,677,221,54.2%,13.1%,32.6%,13.4%,6.6%
14-DESOTO,09-Ninth,0.8%,260,114,33.5%,22.7%,43.8%,8.1%,7.3%,4.4%,273,115,38.1%,19.8%,42.1%,12.8%,8.4%,3.0%,302,97,49.3%,18.5%,32.1%,9.9%,7.0%,2.9%,245,104,42.9%,14.7%,42.4%,12.2%,9.4%
14-DESOTO,10-Tenth,2.9%,238,82,38.2%,27.3%,34.5%,7.6%,4.6%,0.4%,264,53,56.4%,23.5%,20.1%,1.5%,1.1%,0.8%,248,69,50.0%,22.2%,27.8%,4.4%,3.6%,0.7%,143,36,51.7%,23.1%,25.2%,4.2%,3.5%
14-DESOTO,11-Eleventh,0.0%,189,18,59.8%,30.7%,9.5%,0.5%,0.5%,0.7%,137,13,77.4%,13.1%,9.5%,2.2%,1.5%,0.0%,146,11,70.5%,21.9%,7.5%,0.0%,0.0%,0.0%,78,**,65.4%,26.9%,7.7%,1.3%,1.3%
14-DESOTO,12-Twelfth,0.0%,23,**,78.3%,17.4%,4.3%,4.3%,4.3%,0.0%,25,**,76.0%,16.0%,8.0%,0.0%,0.0%,5.3%,19,**,47.4%,31.6%,21.1%,5.3%,0.0%,0.0%,12,**,75.0%,8.3%,16.7%,0.0%,0.0%
15-DIXIE,09-Ninth,1.5%,131,54,37.4%,21.4%,41.2%,8.4%,6.9%,2.1%,140,60,35.7%,21.4%,42.9%,12.9%,10.7%,5.4%,112,61,28.6%,17.0%,54.5%,11.6%,6.3%,2.2%,136,66,36.0%,15.4%,48.5%,8.8%,6.6%
15-DIXIE,10-Tenth,0.0%,105,24,49.5%,27.6%,22.9%,3.8%,3.8%,0.0%,104,34,35.6%,31.7%,32.7%,2.9%,2.9%,0.8%,125,42,39.2%,27.2%,33.6%,4.0%,3.2%,1.2%,83,32,32.5%,28.9%,38.6%,6.0%,4.8%
15-DIXIE,11-Eleventh,0.0%,56,**,55.4%,30.4%,14.3%,0.0%,0.0%,2.9%,34,10,41.2%,29.4%,29.4%,5.9%,2.9%,0.0%,46,12,39.1%,34.8%,26.1%,4.3%,4.3%,0.0%,10,**,50.0%,40.0%,10.0%,0.0%,0.0%
15-DIXIE,12-Twelfth,**.*,**,**,**.*,**.*,**.*,**.*,**.*,0.0%,13,**,53.8%,46.2%,0.0%,0.0%,0.0%,**.*,**,**,**.*,**.*,**.*,**.*,**.*,**.*,**,**,**.*,**.*,**.*,**.*,**.*
16-DUVAL,09-Ninth,3.6%,"8,307","3,319",38.9%,21.1%,40.0%,10.2%,6.6%,3.7%,"7,762","3,369",37.2%,19.4%,43.4%,11.8%,8.1%,11.5%,"5,161","3,795",13.8%,12.6%,73.5%,30.7%,19.1%,10.5%,"4,423","3,217",15.4%,11.9%,72.7%,30.6%,20.2%
16-DUVAL,10-Tenth,1.3%,"6,983","1,521",55.6%,22.6%,21.8%,3.9%,2.5%,1.5%,"6,483","1,254",60.0%,20.6%,19.3%,4.2%,2.7%,4.6%,"4,091","1,927",32.5%,20.4%,47.1%,13.1%,8.6%,2.7%,"5,009","2,116",40.9%,16.8%,42.2%,10.9%,8.2%
16-DUVAL,11-Eleventh,0.6%,"3,684",258,80.8%,12.2%,7.0%,1.4%,0.8%,0.6%,"2,782",209,80.4%,12.1%,7.5%,1.5%,0.9%,4.6%,"1,275",410,47.1%,20.8%,32.2%,10.2%,5.6%,2.2%,"2,580",591,57.1%,20.0%,22.9%,6.0%,3.8%
16-DUVAL,12-Twelfth,0.1%,667,56,78.3%,13.3%,8.4%,1.3%,1.2%,1.5%,338,41,75.4%,12.4%,12.1%,4.4%,3.0%,6.7%,479,152,57.0%,11.3%,31.7%,13.6%,6.9%,5.7%,458,153,52.4%,14.2%,33.4%,11.6%,5.9%
17-ESCAMBIA,09-Ninth,13.1%,"1,883","1,223",18.7%,16.3%,64.9%,25.8%,12.7%,8.7%,"2,423","1,200",34.4%,16.1%,49.5%,19.5%,10.8%,9.1%,"2,165","1,142",30.9%,16.3%,52.7%,21.3%,12.2%,12.3%,"1,803","1,102",24.2%,14.7%,61.1%,26.7%,14.4%
17-ESCAMBIA,10-Tenth,4.8%,"2,735","1,009",41.6%,21.5%,36.9%,10.8%,6.0%,7.7%,"2,180",848,41.0%,20.1%,38.9%,13.4%,5.7%,9.3%,"1,908",887,35.4%,18.1%,46.5%,17.7%,8.4%,2.2%,"1,236",465,43.2%,19.2%,37.6%,7.8%,5.7%
17-ESCAMBIA,11-Eleventh,1.5%,"1,408",394,42.0%,30.0%,28.0%,4.4%,2.9%,1.1%,"1,246",273,53.0%,25.1%,21.9%,3.1%,2.0%,2.0%,"1,200",283,57.0%,19.4%,23.6%,5.2%,3.2%,1.2%,682,151,60.9%,17.0%,22.1%,4.8%,3.7%
17-ESCAMBIA,12-Twelfth,0.0%,244,52,55.7%,23.0%,21.3%,1.2%,1.2%,0.5%,584,59,71.6%,18.3%,10.1%,1.9%,1.4%,1.2%,585,90,67.2%,17.4%,15.4%,3.1%,1.9%,1.3%,317,43,68.8%,17.7%,13.6%,3.5%,2.2%
18-FLAGLER,09-Ninth,8.3%,745,503,16.6%,15.8%,67.5%,22.7%,14.4%,6.8%,926,592,19.7%,16.4%,63.9%,19.9%,13.1%,11.1%,841,633,11.2%,13.6%,75.3%,27.3%,16.3%,4.6%,765,531,16.3%,14.2%,69.4%,23.7%,19.1%
18-FLAGLER,10-Tenth,3.1%,733,382,23.3%,24.6%,52.1%,12.7%,9.5%,3.4%,706,366,24.1%,24.1%,51.8%,11.8%,8.4%,2.6%,805,408,26.2%,23.1%,50.7%,11.7%,9.1%,2.2%,712,363,28.8%,20.2%,51.0%,10.7%,8.4%
18-FLAGLER,11-Eleventh,0.7%,584,166,47.3%,24.3%,28.4%,2.9%,2.2%,2.8%,463,151,38.9%,28.5%,32.6%,6.3%,3.5%,1.8%,494,161,38.9%,28.5%,32.6%,5.5%,3.6%,1.9%,213,76,44.6%,19.7%,35.7%,8.9%,7.0%
18-FLAGLER,12-Twelfth,0.0%,118,26,44.1%,33.9%,22.0%,4.2%,4.2%,8.3%,84,24,47.6%,23.8%,28.6%,10.7%,2.4%,3.1%,130,37,56.9%,14.6%,28.5%,4.6%,1.5%,6.3%,96,35,45.8%,17.7%,36.5%,13.5%,7.3%
19-FRANKLIN,09-Ninth,2.7%,74,35,41.9%,10.8%,47.3%,6.8%,4.1%,5.0%,60,29,41.7%,10.0%,48.3%,13.3%,8.3%,9.8%,41,25,14.6%,24.4%,61.0%,31.7%,22.0%,0.0%,62,26,37.1%,21.0%,41.9%,12.9%,12.9%
19-FRANKLIN,10-Tenth,1.3%,75,22,48.0%,22.7%,29.3%,2.7%,1.3%,4.8%,62,26,41.9%,16.1%,41.9%,11.3%,6.5%,11.3%,62,28,37.1%,17.7%,45.2%,17.7%,6.5%,0.0%,31,**,54.8%,16.1%,29.0%,3.2%,3.2%
19-FRANKLIN,11-Eleventh,1.9%,54,11,64.8%,14.8%,20.4%,3.7%,1.9%,0.0%,12,**,41.7%,33.3%,25.0%,0.0%,0.0%,0.0%,10,**,10.0%,20.0%,70.0%,30.0%,30.0%,**.*,**,**,**.*,**.*,**.*,**.*,**.*
19-FRANKLIN,12-Twelfth,**.*,**,**,**.*,**.*,**.*,**.*,**.*,**.*,**,**,**.*,**.*,**.*,**.*,**.*,**.*,**,**,**.*,**.*,**.*,**.*,**.*,**.*,**,**,**.*,**.*,**.*,**.*,**.*
20-GADSDEN,09-Ninth,0.7%,294,44,65.6%,19.4%,15.0%,1.0%,0.3%,0.0%,331,43,71.9%,15.1%,13.0%,1.2%,1.2%,0.0%,341,67,66.9%,13.5%,19.6%,2.6%,2.6%,1.0%,193,38,57.0%,23.3%,19.7%,4.7%,3.6%
20-GADSDEN,10-Tenth,0.0%,247,14,82.6%,11.7%,5.7%,0.8%,0.8%,0.0%,234,18,82.1%,10.3%,7.7%,0.9%,0.9%,0.4%,245,21,71.8%,19.6%,8.6%,1.2%,0.8%,0.7%,153,21,64.1%,22.2%,13.7%,2.6%,2.0%
20-GADSDEN,11-Eleventh,0.0%,157,**,93.6%,5.7%,0.6%,0.0%,0.0%,0.0%,142,**,95.8%,2.1%,2.1%,0.7%,0.7%,0.0%,77,**,81.8%,7.8%,10.4%,0.0%,0.0%,2.9%,34,**,79.4%,5.9%,14.7%,5.9%,2.9%
20-GADSDEN,12-Twelfth,**.*,**,**,**.*,**.*,**.*,**.*,**.*,0.0%,33,**,81.8%,15.2%,3.0%,0.0%,0.0%,0.0%,44,**,90.9%,6.8%,2.3%,0.0%,0.0%,0.0%,19,**,89.5%,10.5%,0.0%,0.0%,0.0%
21-GILCHRIST,09-Ninth,1.9%,162,97,21.6%,18.5%,59.9%,13.6%,11.7%,8.1%,185,99,29.2%,17.3%,53.5%,14.6%,6.5%,13.8%,167,122,14.4%,12.6%,73.1%,30.5%,16.8%,8.7%,172,118,19.8%,11.6%,68.6%,25.6%,16.9%
21-GILCHRIST,10-Tenth,3.4%,88,54,17.0%,21.6%,61.4%,14.8%,11.4%,3.3%,214,130,17.3%,22.0%,60.7%,13.1%,9.8%,7.0%,172,86,25.0%,25.0%,50.0%,10.5%,3.5%,2.8%,106,60,24.5%,18.9%,56.6%,14.2%,11.3%
21-GILCHRIST,11-Eleventh,0.0%,98,27,43.9%,28.6%,27.6%,4.1%,4.1%,0.0%,104,29,49.0%,23.1%,27.9%,3.8%,3.8%,1.2%,81,25,44.4%,24.7%,30.9%,6.2%,4.9%,**.*,**,**,**.*,**.*,**.*,**.*,**.*
21-GILCHRIST,12-Twelfth,**.*,**,**,**.*,**.*,**.*,**.*,**.*,**.*,**,**,**.*,**.*,**.*,**.*,**.*,**.*,**,**,**.*,**.*,**.*,**.*,**.*,,,,,,,,
22-GLADES,09-Ninth,0.0%,61,27,31.1%,24.6%,44.3%,11.5%,11.5%,2.7%,73,27,32.9%,30.1%,37.0%,6.8%,4.1%,0.0%,78,29,43.6%,19.2%,37.2%,6.4%,6.4%,0.0%,63,18,55.6%,15.9%,28.6%,4.8%,4.8%
22-GLADES,10-Tenth,0.0%,50,13,50.0%,24.0%,26.0%,2.0%,2.0%,0.0%,67,12,55.2%,26.9%,17.9%,1.5%,1.5%,1.8%,56,17,37.5%,32.1%,30.4%,7.1%,5.4%,2.1%,47,14,48.9%,21.3%,29.8%,4.3%,2.1%
22-GLADES,11-Eleventh,0.0%,31,**,41.9%,51.6%,6.5%,0.0%,0.0%,0.0%,38,**,63.2%,26.3%,10.5%,0.0%,0.0%,0.0%,42,**,59.5%,33.3%,7.1%,0.0%,0.0%,**.*,**,**,**.*,**.*,**.*,**.*,**.*
22-GLADES,12-Twelfth,**.*,**,**,**.*,**.*,**.*,**.*,**.*,**.*,**,**,**.*,**.*,**.*,**.*,**.*,10.0%,10,**,60.0%,10.0%,30.0%,10.0%,0.0%,**.*,**,**,**.*,**.*,**.*,**.*,**.*
23-GULF,09-Ninth,2.5%,121,88,16.5%,10.7%,72.7%,23.1%,20.7%,12.7%,110,81,10.0%,16.4%,73.6%,27.3%,14.5%,6.3%,112,77,15.2%,16.1%,68.8%,26.8%,20.5%,10.1%,89,66,13.5%,12.4%,74.2%,27.0%,16.9%
23-GULF,10-Tenth,14.0%,100,66,14.0%,20.0%,66.0%,24.0%,10.0%,7.1%,155,95,16.8%,21.9%,61.3%,19.4%,12.3%,6.6%,137,84,19.7%,19.0%,61.3%,21.9%,15.3%,2.7%,113,66,24.8%,16.8%,58.4%,17.7%,15.0%
23-GULF,11-Eleventh,6.1%,98,45,28.6%,25.5%,45.9%,14.3%,8.2%,2.6%,76,33,27.6%,28.9%,43.4%,9.2%,6.6%,4.7%,64,20,32.8%,35.9%,31.3%,6.3%,1.6%,0.0%,32,**,53.1%,25.0%,21.9%,3.1%,3.1%
23-GULF,12-Twelfth,**.*,**,**,**.*,**.*,**.*,**.*,**.*,0.0%,10,**,70.0%,20.0%,10.0%,10.0%,10.0%,0.0%,10,**,60.0%,20.0%,20.0%,0.0%,0.0%,**.*,**,**,**.*,**.*,**.*,**.*,**.*
24-HAMILTON,09-Ninth,0.0%,106,13,67.9%,19.8%,12.3%,1.9%,1.9%,1.6%,63,**,61.9%,28.6%,9.5%,1.6%,0.0%,5.6%,72,28,43.1%,18.1%,38.9%,9.7%,4.2%,2.0%,51,31,23.5%,15.7%,60.8%,13.7%,11.8%
24-HAMILTON,10-Tenth,0.0%,76,**,75.0%,17.1%,7.9%,0.0%,0.0%,0.0%,43,**,58.1%,23.3%,18.6%,0.0%,0.0%,0.0%,85,13,69.4%,15.3%,15.3%,1.2%,1.2%,1.5%,67,17,43.3%,31.3%,25.4%,1.5%,0.0%
24-HAMILTON,11-Eleventh,0.0%,66,**,93.9%,3.0%,3.0%,0.0%,0.0%,0.0%,32,**,90.6%,9.4%,0.0%,0.0%,0.0%,0.0%,62,**,75.8%,21.0%,3.2%,1.6%,1.6%,0.0%,34,**,76.5%,14.7%,8.8%,0.0%,0.0%
24-HAMILTON,12-Twelfth,**.*,**,**,**.*,**.*,**.*,**.*,**.*,**.*,**,**,**.*,**.*,**.*,**.*,**.*,0.0%,16,**,68.8%,18.8%,12.5%,0.0%,0.0%,**.*,**,**,**.*,**.*,**.*,**.*,**.*
25-HARDEE,09-Ninth,2.5%,366,143,43.4%,17.5%,39.1%,6.6%,4.1%,1.1%,377,123,47.7%,19.6%,32.6%,3.2%,2.1%,4.3%,368,130,50.5%,14.1%,35.3%,12.0%,7.6%,3.3%,269,178,23.4%,10.4%,66.2%,20.4%,17.1%
25-HARDEE,10-Tenth,0.6%,325,77,52.0%,24.3%,23.7%,3.7%,3.1%,0.6%,333,89,48.6%,24.6%,26.7%,4.8%,4.2%,0.0%,319,63,52.0%,28.2%,19.7%,1.3%,1.3%,0.3%,292,73,53.1%,21.9%,25.0%,3.1%,2.7%
25-HARDEE,11-Eleventh,0.0%,210,21,69.5%,20.5%,10.0%,0.5%,0.5%,0.0%,108,**,69.4%,22.2%,8.3%,0.9%,0.9%,0.0%,97,18,61.9%,19.6%,18.6%,1.0%,1.0%,5.9%,17,**,64.7%,11.8%,23.5%,5.9%,0.0%
25-HARDEE,12-Twelfth,0.0%,71,11,69.0%,15.5%,15.5%,0.0%,0.0%,0.0%,17,**,52.9%,41.2%,5.9%,0.0%,0.0%,**.*,**,**,**.*,**.*,**.*,**.*,**.*,,,,,,,,
26-HENDRY,09-Ninth,3.2%,431,118,50.1%,22.5%,27.4%,8.4%,5.1%,3.6%,362,141,38.4%,22.7%,39.0%,10.8%,7.2%,3.5%,317,164,26.5%,21.8%,51.7%,10.4%,6.9%,0.9%,220,107,32.3%,19.1%,48.6%,10.5%,9.5%
26-HENDRY,10-Tenth,1.8%,400,119,50.5%,19.8%,29.8%,6.5%,4.8%,4.3%,400,142,43.0%,21.5%,35.5%,11.0%,6.8%,1.6%,499,170,41.9%,24.0%,34.1%,5.0%,3.4%,0.7%,307,64,61.2%,17.9%,20.8%,2.6%,2.0%
26-HENDRY,11-Eleventh,0.0%,220,22,71.4%,18.6%,10.0%,0.9%,0.9%,0.7%,292,48,58.6%,25.0%,16.4%,3.4%,2.7%,2.7%,148,28,56.8%,24.3%,18.9%,3.4%,0.7%,1.0%,99,13,68.7%,18.2%,13.1%,3.0%,2.0%
26-HENDRY,12-Twelfth,0.0%,37,**,78.4%,8.1%,13.5%,2.7%,2.7%,0.0%,54,**,85.2%,3.7%,11.1%,1.9%,1.9%,2.4%,41,**,70.7%,14.6%,14.6%,2.4%,0.0%,0.0%,64,**,81.3%,14.1%,4.7%,1.6%,1.6%
27-HERNANDO,09-Ninth,7.0%,"1,693",960,28.6%,14.6%,56.7%,21.0%,14.0%,9.2%,"1,749",951,29.6%,16.0%,54.4%,21.0%,11.8%,9.6%,"1,607",947,27.7%,13.4%,58.9%,24.1%,14.5%,7.3%,"1,597",943,27.4%,13.5%,59.0%,21.7%,14.4%
27-HERNANDO,10-Tenth,2.1%,"1,557",615,35.8%,24.7%,39.5%,7.6%,5.5%,4.1%,"1,507",685,30.3%,24.3%,45.5%,12.9%,8.8%,5.9%,"1,473",704,30.5%,21.7%,47.8%,14.7%,8.8%,2.3%,"1,206",431,42.1%,22.1%,35.7%,8.4%,6.1%
27-HERNANDO,11-Eleventh,0.9%,777,166,56.4%,22.3%,21.4%,2.1%,1.2%,1.3%,668,148,51.3%,26.5%,22.2%,4.3%,3.0%,2.3%,657,171,47.5%,26.5%,26.0%,5.3%,3.0%,3.3%,272,65,59.9%,16.2%,23.9%,7.4%,4.0%
27-HERNANDO,12-Twelfth,1.6%,63,12,66.7%,14.3%,19.0%,6.3%,4.8%,1.6%,63,21,46.0%,20.6%,33.3%,6.3%,4.8%,2.8%,72,20,48.6%,23.6%,27.8%,8.3%,5.6%,4.8%,84,27,50.0%,17.9%,32.1%,8.3%,3.6%
28-HIGHLANDS,09-Ninth,4.2%,924,414,37.0%,18.2%,44.8%,13.1%,8.9%,4.7%,958,440,36.8%,17.2%,45.9%,15.2%,10.5%,8.1%,717,433,24.1%,15.5%,60.4%,21.8%,13.7%,5.0%,656,349,30.5%,16.3%,53.2%,14.9%,9.9%
28-HIGHLANDS,10-Tenth,2.9%,805,296,39.1%,24.1%,36.8%,7.6%,4.7%,4.0%,744,261,42.3%,22.6%,35.1%,8.6%,4.6%,2.5%,836,327,39.1%,21.8%,39.1%,8.5%,6.0%,1.4%,565,197,42.3%,22.8%,34.9%,6.9%,5.5%
28-HIGHLANDS,11-Eleventh,0.6%,355,58,56.3%,27.3%,16.3%,1.4%,0.8%,1.2%,347,67,55.3%,25.4%,19.3%,4.0%,2.9%,0.5%,387,63,57.9%,25.8%,16.3%,2.8%,2.3%,5.7%,35,11,57.1%,11.4%,31.4%,11.4%,5.7%
28-HIGHLANDS,12-Twelfth,0.0%,139,12,69.8%,21.6%,8.6%,0.7%,0.7%,1.2%,86,**,87.2%,8.1%,4.7%,1.2%,0.0%,2.3%,128,18,68.8%,17.2%,14.1%,5.5%,3.1%,5.3%,19,**,57.9%,15.8%,26.3%,15.8%,10.5%
29-HILLSBOROUGH,09-Ninth,10.0%,"14,100","7,871",27.6%,16.6%,55.8%,22.5%,12.5%,9.8%,"15,112","7,575",33.0%,16.8%,50.1%,21.2%,11.4%,12.3%,"13,008","7,745",26.4%,14.1%,59.5%,26.4%,14.0%,9.4%,"11,120","6,460",26.3%,15.6%,58.1%,23.6%,14.3%
29-HILLSBOROUGH,10-Tenth,8.1%,"11,429","4,914",33.5%,23.5%,43.0%,15.8%,7.7%,9.5%,"10,222","4,619",31.6%,23.2%,45.2%,17.7%,8.2%,11.3%,"9,690","5,185",24.8%,21.7%,53.5%,21.7%,10.4%,5.9%,"5,388","2,437",35.3%,19.5%,45.2%,14.3%,8.4%
29-HILLSBOROUGH,11-Eleventh,1.0%,"4,953",779,62.9%,21.4%,15.7%,2.9%,1.9%,1.7%,"4,054",738,59.5%,22.2%,18.2%,4.4%,2.6%,2.0%,"5,277","1,164",55.0%,23.0%,22.1%,5.1%,3.1%,1.8%,"3,748",708,60.2%,20.9%,18.9%,4.2%,2.4%
29-HILLSBOROUGH,12-Twelfth,0.7%,"1,629",267,62.7%,20.9%,16.4%,2.8%,2.1%,1.5%,"1,054",208,58.7%,21.5%,19.7%,4.4%,2.8%,1.9%,"1,471",294,60.8%,19.2%,20.0%,5.6%,3.7%,4.2%,832,196,58.8%,17.7%,23.6%,9.6%,5.4%
30-HOLMES,09-Ninth,2.5%,200,93,32.5%,21.0%,46.5%,9.5%,7.0%,1.9%,159,75,33.3%,19.5%,47.2%,9.4%,7.5%,1.9%,213,100,41.3%,11.7%,46.9%,11.7%,9.9%,2.4%,208,87,36.1%,22.1%,41.8%,6.3%,3.8%
30-HOLMES,10-Tenth,0.0%,215,48,48.8%,28.8%,22.3%,0.5%,0.5%,0.9%,224,72,43.8%,24.1%,32.1%,6.3%,5.4%,2.4%,205,57,54.1%,18.0%,27.8%,3.4%,1.0%,0.0%,130,41,39.2%,29.2%,31.5%,3.8%,3.8%
30-HOLMES,11-Eleventh,0.0%,106,**,84.9%,11.3%,3.8%,0.0%,0.0%,0.0%,119,**,73.9%,21.0%,5.0%,0.8%,0.8%,0.0%,131,14,64.9%,24.4%,10.7%,0.0%,0.0%,0.0%,48,11,56.3%,20.8%,22.9%,0.0%,0.0%
30-HOLMES,12-Twelfth,0.0%,28,**,64.3%,17.9%,17.9%,3.6%,3.6%,0.0%,16,**,75.0%,12.5%,12.5%,0.0%,0.0%,0.0%,22,**,86.4%,9.1%,4.5%,0.0%,0.0%,**.*,**,**,**.*,**.*,**.*,**.*,**.*
31-INDIAN RIVER,09-Ninth,8.6%,"1,282",607,34.2%,18.4%,47.3%,17.6%,9.0%,7.4%,"1,088",573,28.2%,19.1%,52.7%,17.7%,10.3%,8.9%,"1,094",563,33.9%,14.6%,51.5%,21.8%,12.9%,9.5%,964,625,21.0%,14.2%,64.8%,26.6%,17.0%
31-INDIAN RIVER,10-Tenth,1.0%,921,272,45.4%,25.1%,29.5%,5.1%,4.1%,5.5%,896,292,44.1%,23.3%,32.6%,11.6%,6.1%,5.0%,964,345,40.4%,23.9%,35.8%,11.7%,6.7%,1.0%,707,247,42.7%,22.3%,34.9%,6.2%,5.2%
31-INDIAN RIVER,11-Eleventh,0.0%,363,65,53.2%,28.9%,17.9%,1.9%,1.9%,1.2%,339,63,53.7%,27.7%,18.6%,3.2%,2.1%,2.7%,336,118,41.4%,23.5%,35.1%,9.8%,7.1%,1.7%,296,52,65.5%,16.9%,17.6%,6.8%,5.1%
31-INDIAN RIVER,12-Twelfth,2.9%,68,18,48.5%,25.0%,26.5%,13.2%,10.3%,4.0%,50,22,38.0%,18.0%,44.0%,12.0%,8.0%,5.4%,74,27,40.5%,23.0%,36.5%,10.8%,5.4%,10.3%,29,11,48.3%,13.8%,37.9%,17.2%,6.9%
32-JACKSON,09-Ninth,5.8%,464,281,25.9%,13.6%,60.6%,20.9%,15.1%,4.3%,439,236,29.6%,16.6%,53.8%,13.2%,8.9%,4.8%,352,243,17.0%,13.9%,69.0%,21.9%,17.0%,7.4%,340,237,14.7%,15.6%,69.7%,24.1%,16.8%
32-JACKSON,10-Tenth,1.4%,420,217,26.4%,21.9%,51.7%,10.5%,9.0%,1.5%,453,208,30.2%,23.8%,45.9%,9.1%,7.5%,2.5%,402,157,35.8%,25.1%,39.1%,8.7%,6.2%,1.6%,307,127,34.5%,24.1%,41.4%,8.1%,6.5%
32-JACKSON,11-Eleventh,0.0%,231,26,58.9%,29.9%,11.3%,0.4%,0.4%,0.4%,241,48,52.3%,27.8%,19.9%,2.5%,2.1%,1.1%,262,48,62.6%,19.1%,18.3%,2.7%,1.5%,0.0%,61,16,55.7%,18.0%,26.2%,1.6%,1.6%
32-JACKSON,12-Twelfth,4.5%,22,**,54.5%,18.2%,27.3%,4.5%,0.0%,0.0%,30,**,73.3%,23.3%,3.3%,0.0%,0.0%,0.0%,44,**,65.9%,18.2%,15.9%,2.3%,2.3%,0.0%,10,**,90.0%,0.0%,10.0%,0.0%,0.0%
33-JEFFERSON,09-Ninth,2.1%,48,12,56.3%,18.8%,25.0%,6.3%,4.2%,3.0%,33,**,60.6%,18.2%,21.2%,3.0%,0.0%,0.0%,29,**,82.8%,10.3%,6.9%,0.0%,0.0%,0.0%,32,12,53.1%,9.4%,37.5%,3.1%,3.1%
33-JEFFERSON,10-Tenth,0.0%,43,**,72.1%,20.9%,7.0%,0.0%,0.0%,0.0%,40,**,70.0%,12.5%,17.5%,0.0%,0.0%,6.5%,31,**,87.1%,3.2%,9.7%,6.5%,0.0%,0.0%,21,**,66.7%,19.0%,14.3%,0.0%,0.0%
33-JEFFERSON,11-Eleventh,0.0%,32,**,93.8%,3.1%,3.1%,0.0%,0.0%,0.0%,34,**,82.4%,14.7%,2.9%,0.0%,0.0%,0.0%,28,**,92.9%,7.1%,0.0%,0.0%,0.0%,0.0%,13,**,84.6%,15.4%,0.0%,0.0%,0.0%
33-JEFFERSON,12-Twelfth,**.*,**,**,**.*,**.*,**.*,**.*,**.*,**.*,**,**,**.*,**.*,**.*,**.*,**.*,**.*,**,**,**.*,**.*,**.*,**.*,**.*,**.*,**,**,**.*,**.*,**.*,**.*,**.*
34-LAFAYETTE,09-Ninth,3.8%,78,58,12.8%,12.8%,74.4%,24.4%,20.5%,6.7%,75,41,21.3%,24.0%,54.7%,20.0%,13.3%,10.0%,90,58,24.4%,11.1%,64.4%,20.0%,10.0%,3.8%,78,54,14.1%,16.7%,69.2%,17.9%,14.1%
34-LAFAYETTE,10-Tenth,4.3%,47,40,0.0%,14.9%,85.1%,27.7%,23.4%,1.7%,59,30,16.9%,32.2%,50.8%,15.3%,13.6%,3.0%,67,30,29.9%,25.4%,44.8%,11.9%,9.0%,0.0%,11,**,36.4%,27.3%,36.4%,0.0%,0.0%
34-LAFAYETTE,11-Eleventh,0.0%,25,**,60.0%,36.0%,4.0%,0.0%,0.0%,0.0%,51,26,23.5%,25.5%,51.0%,0.0%,0.0%,0.0%,26,13,23.1%,26.9%,50.0%,15.4%,15.4%,**.*,**,**,**.*,**.*,**.*,**.*,**.*
34-LAFAYETTE,12-Twelfth,**.*,**,**,**.*,**.*,**.*,**.*,**.*,**.*,**,**,**.*,**.*,**.*,**.*,**.*,**.*,**,**,**.*,**.*,**.*,**.*,**.*,**.*,**,**,**.*,**.*,**.*,**.*,**.*
35-LAKE,09-Ninth,6.5%,"2,505","1,309",29.8%,17.9%,52.3%,17.7%,11.2%,5.9%,"2,910","1,284",39.1%,16.8%,44.1%,14.9%,9.1%,7.5%,"2,659","1,439",29.9%,15.9%,54.1%,19.9%,12.4%,7.4%,"2,269","1,422",22.3%,15.0%,62.7%,22.3%,14.9%
35-LAKE,10-Tenth,4.6%,"2,313",975,32.6%,25.2%,42.2%,10.5%,5.9%,5.4%,"2,318",944,36.8%,22.5%,40.7%,11.8%,6.4%,6.6%,"2,319","1,003",33.3%,23.4%,43.3%,13.7%,7.1%,1.3%,"1,346",518,37.6%,23.9%,38.5%,6.0%,4.7%
35-LAKE,11-Eleventh,0.4%,"1,309",156,67.0%,21.1%,11.9%,1.8%,1.4%,0.5%,"1,056",182,58.5%,24.2%,17.2%,2.9%,2.5%,1.5%,"1,436",298,56.3%,22.9%,20.8%,4.0%,2.5%,1.3%,750,159,56.1%,22.7%,21.2%,3.6%,2.3%
35-LAKE,12-Twelfth,0.0%,344,42,68.6%,19.2%,12.2%,0.9%,0.9%,2.3%,221,41,63.3%,18.1%,18.6%,5.4%,3.2%,1.3%,318,51,65.4%,18.6%,16.0%,3.5%,2.2%,1.9%,156,38,60.3%,15.4%,24.4%,5.1%,3.2%
36-LEE,09-Ninth,5.6%,"6,073","2,879",34.6%,18.0%,47.4%,15.9%,10.3%,6.6%,"6,263","3,054",34.2%,17.1%,48.8%,16.7%,10.2%,7.7%,"5,569","3,056",28.4%,16.7%,54.9%,19.8%,12.1%,8.6%,"5,013","3,198",20.3%,15.9%,63.8%,23.6%,14.9%
36-LEE,10-Tenth,2.9%,"5,729","1,989",41.5%,23.8%,34.7%,8.2%,5.3%,2.7%,"6,260","1,834",48.4%,22.3%,29.3%,7.7%,4.9%,4.1%,"6,080","2,007",44.9%,22.1%,33.0%,9.1%,5.0%,1.2%,"3,807","1,129",48.7%,21.6%,29.7%,5.9%,4.7%
36-LEE,11-Eleventh,0.3%,"3,404",438,67.6%,19.5%,12.9%,1.2%,0.9%,0.6%,"2,774",347,69.1%,18.4%,12.5%,2.2%,1.5%,1.4%,"1,948",322,64.4%,19.0%,16.5%,4.0%,2.5%,3.5%,806,182,65.9%,11.5%,22.6%,8.6%,5.1%
36-LEE,12-Twelfth,1.5%,537,48,79.7%,11.4%,8.9%,2.2%,0.7%,2.7%,546,91,70.1%,13.2%,16.7%,5.9%,3.1%,2.3%,515,111,64.3%,14.2%,21.6%,5.4%,3.1%,3.1%,385,95,62.6%,12.7%,24.7%,6.2%,3.1%
37-LEON,09-Ninth,12.6%,"2,077","1,346",21.0%,14.2%,64.8%,29.9%,17.3%,12.8%,"2,247","1,334",26.2%,14.5%,59.4%,26.6%,13.8%,17.0%,"1,749","1,328",13.2%,10.9%,75.9%,38.4%,21.4%,9.3%,"1,447","1,085",14.2%,10.8%,75.0%,31.6%,22.3%
37-LEON,10-Tenth,4.2%,"1,631",824,29.4%,20.1%,50.5%,13.4%,9.2%,5.1%,"1,619",761,31.4%,21.6%,47.0%,13.7%,8.6%,7.0%,"1,450",803,23.9%,20.8%,55.4%,19.2%,12.3%,2.9%,"1,148",496,34.6%,22.2%,43.2%,9.8%,6.9%
37-LEON,11-Eleventh,1.7%,992,250,49.9%,24.9%,25.2%,3.5%,1.8%,1.4%,"1,066",249,55.3%,21.3%,23.4%,4.7%,3.3%,3.1%,909,285,49.1%,19.6%,31.4%,7.5%,4.4%,4.1%,583,169,49.9%,21.1%,29.0%,8.6%,4.5%
37-LEON,12-Twelfth,0.6%,179,39,58.7%,19.6%,21.8%,3.4%,2.8%,2.3%,172,28,64.5%,19.2%,16.3%,5.8%,3.5%,4.9%,162,51,45.7%,22.8%,31.5%,10.5%,5.6%,10.9%,138,50,46.4%,17.4%,36.2%,20.3%,9.4%
38-LEVY,09-Ninth,4.2%,333,182,26.4%,18.9%,54.7%,15.6%,11.4%,3.9%,308,152,29.2%,21.4%,49.4%,11.4%,7.5%,6.8%,279,166,24.7%,15.8%,59.5%,20.1%,13.3%,2.8%,320,145,38.1%,16.6%,45.3%,14.4%,11.6%
38-LEVY,10-Tenth,4.1%,290,148,26.6%,22.4%,51.0%,14.1%,10.0%,2.7%,334,135,35.0%,24.6%,40.4%,6.6%,3.9%,4.1%,241,115,31.5%,20.7%,47.7%,11.6%,7.5%,2.0%,150,65,36.0%,20.7%,43.3%,7.3%,5.3%
38-LEVY,11-Eleventh,0.0%,167,33,58.7%,21.6%,19.8%,3.0%,3.0%,2.1%,146,32,54.1%,24.0%,21.9%,4.1%,2.1%,3.1%,163,30,60.1%,21.5%,18.4%,6.7%,3.7%,0.8%,130,34,45.4%,28.5%,26.2%,4.6%,3.8%
38-LEVY,12-Twelfth,7.1%,14,**,21.4%,35.7%,42.9%,7.1%,0.0%,10.0%,10,**,30.0%,40.0%,30.0%,10.0%,0.0%,0.0%,21,**,47.6%,19.0%,33.3%,9.5%,9.5%,7.7%,13,**,38.5%,15.4%,46.2%,15.4%,7.7%
39-LIBERTY,09-Ninth,0.0%,69,43,13.0%,24.6%,62.3%,10.1%,10.1%,0.0%,82,42,23.2%,25.6%,51.2%,2.4%,2.4%,1.5%,66,25,31.8%,30.3%,37.9%,4.5%,3.0%,11.6%,43,35,4.7%,14.0%,81.4%,30.2%,18.6%
39-LIBERTY,10-Tenth,0.0%,80,17,51.3%,27.5%,21.3%,1.3%,1.3%,4.5%,67,18,37.3%,35.8%,26.9%,6.0%,1.5%,2.9%,69,13,47.8%,33.3%,18.8%,4.3%,1.4%,3.6%,28,**,67.9%,14.3%,17.9%,7.1%,3.6%
39-LIBERTY,11-Eleventh,0.0%,51,**,84.3%,13.7%,2.0%,0.0%,0.0%,0.0%,27,**,88.9%,7.4%,3.7%,0.0%,0.0%,0.0%,14,**,57.1%,28.6%,14.3%,0.0%,0.0%,**.*,**,**,**.*,**.*,**.*,**.*,**.*
39-LIBERTY,12-Twelfth,**.*,**,**,**.*,**.*,**.*,**.*,**.*,**.*,**,**,**.*,**.*,**.*,**.*,**.*,**.*,**,**,**.*,**.*,**.*,**.*,**.*,**.*,**,**,**.*,**.*,**.*,**.*,**.*
40-MADISON,09-Ninth,2.8%,180,61,43.3%,22.8%,33.9%,7.2%,4.4%,3.1%,192,59,51.0%,18.2%,30.7%,6.8%,3.6%,4.5%,156,57,44.2%,19.2%,36.5%,10.3%,5.8%,4.9%,162,57,53.7%,11.1%,35.2%,11.7%,6.8%
40-MADISON,10-Tenth,2.0%,148,37,51.4%,23.6%,25.0%,6.1%,4.1%,4.8%,124,51,25.8%,33.1%,41.1%,10.5%,5.6%,2.1%,95,30,38.9%,29.5%,31.6%,7.4%,5.3%,0.0%,61,21,44.3%,21.3%,34.4%,8.2%,8.2%
40-MADISON,11-Eleventh,0.0%,92,15,58.7%,25.0%,16.3%,1.1%,1.1%,0.0%,70,**,75.7%,12.9%,11.4%,0.0%,0.0%,0.0%,95,**,67.4%,26.3%,6.3%,1.1%,1.1%,0.0%,65,**,80.0%,12.3%,7.7%,3.1%,3.1%
40-MADISON,12-Twelfth,0.0%,13,**,84.6%,15.4%,0.0%,0.0%,0.0%,0.0%,20,**,75.0%,10.0%,15.0%,0.0%,0.0%,0.0%,27,**,77.8%,14.8%,7.4%,0.0%,0.0%,**.*,**,**,**.*,**.*,**.*,**.*,**.*
41-MANATEE,09-Ninth,7.6%,"3,311","1,796",31.7%,14.1%,54.2%,21.4%,13.8%,7.7%,"2,906","1,625",27.1%,17.0%,55.9%,20.7%,13.0%,13.2%,"2,511","1,785",16.5%,12.4%,71.1%,32.4%,19.2%,11.2%,"2,090","1,581",12.1%,12.3%,75.6%,33.1%,21.9%
41-MANATEE,10-Tenth,5.4%,"2,451","1,166",31.0%,21.5%,47.6%,14.9%,9.4%,5.6%,"2,297","1,187",25.4%,22.9%,51.7%,15.5%,9.9%,4.8%,"2,289","1,198",28.3%,19.4%,52.3%,14.9%,10.0%,3.5%,"2,237","1,008",35.4%,19.5%,45.1%,12.0%,8.5%
41-MANATEE,11-Eleventh,0.8%,"1,527",289,58.2%,22.9%,18.9%,3.8%,3.0%,0.9%,"1,422",361,50.7%,23.9%,25.4%,4.1%,3.2%,1.6%,"1,424",424,47.8%,22.4%,29.8%,5.5%,3.9%,1.2%,"1,059",204,57.9%,22.9%,19.3%,3.9%,2.6%
41-MANATEE,12-Twelfth,1.3%,224,27,69.2%,18.8%,12.1%,2.7%,1.3%,0.9%,221,29,67.0%,19.9%,13.1%,2.3%,1.4%,2.4%,210,48,61.0%,16.2%,22.9%,6.2%,3.8%,6.3%,159,41,61.0%,13.2%,25.8%,11.3%,5.0%
42-MARION,09-Ninth,6.5%,"3,011","1,509",33.4%,16.4%,50.1%,18.4%,11.9%,6.6%,"2,849","1,374",36.7%,15.1%,48.2%,18.0%,11.4%,9.0%,"2,679","1,452",30.2%,15.6%,54.2%,22.0%,13.0%,7.7%,"2,263","1,296",28.1%,14.6%,57.3%,21.6%,13.9%
42-MARION,10-Tenth,4.6%,"2,977","1,159",40.7%,20.4%,38.9%,12.4%,7.8%,5.0%,"2,580","1,063",35.7%,23.1%,41.2%,12.1%,7.1%,4.5%,"2,328","1,014",34.4%,22.1%,43.6%,11.8%,7.3%,3.0%,"1,679",735,36.7%,19.5%,43.8%,10.5%,7.5%
42-MARION,11-Eleventh,0.8%,"1,544",273,63.3%,19.0%,17.7%,2.9%,2.1%,1.5%,"1,463",283,56.7%,23.9%,19.3%,4.0%,2.5%,1.5%,"1,467",311,54.1%,24.7%,21.2%,4.4%,2.9%,0.9%,797,122,65.4%,19.3%,15.3%,2.8%,1.9%
42-MARION,12-Twelfth,2.0%,99,11,69.7%,19.2%,11.1%,2.0%,0.0%,7.4%,81,31,43.2%,18.5%,38.3%,9.9%,2.5%,1.3%,76,22,56.6%,14.5%,28.9%,9.2%,7.9%,4.5%,133,41,56.4%,12.8%,30.8%,9.0%,4.5%
43-MARTIN,09-Ninth,10.3%,"1,438",975,18.4%,13.8%,67.8%,25.0%,14.7%,7.5%,"1,324",814,19.9%,18.6%,61.5%,20.6%,13.1%,13.8%,"1,400",995,16.6%,12.4%,71.1%,30.9%,17.1%,10.1%,"1,195",819,19.4%,12.1%,68.5%,33.2%,23.1%
43-MARTIN,10-Tenth,3.3%,"1,290",606,29.1%,24.0%,47.0%,11.2%,7.9%,2.8%,"1,133",394,42.4%,22.9%,34.8%,7.9%,5.1%,8.9%,"1,265",723,26.1%,16.8%,57.2%,22.5%,13.5%,3.0%,"1,002",456,31.8%,22.7%,45.5%,8.8%,5.8%
43-MARTIN,11-Eleventh,1.0%,763,179,52.0%,24.5%,23.5%,2.9%,1.8%,2.0%,713,198,45.6%,26.6%,27.8%,4.8%,2.8%,2.5%,734,328,32.7%,22.6%,44.7%,9.1%,6.7%,7.5%,159,59,49.1%,13.8%,37.1%,13.2%,5.7%
43-MARTIN,12-Twelfth,0.0%,71,12,64.8%,18.3%,16.9%,2.8%,2.8%,1.2%,83,15,60.2%,21.7%,18.1%,3.6%,2.4%,5.6%,90,26,54.4%,16.7%,28.9%,13.3%,7.8%,6.7%,75,29,50.7%,10.7%,38.7%,14.7%,8.0%
44-MONROE,09-Ninth,6.2%,530,313,26.2%,14.7%,59.1%,21.1%,14.9%,8.9%,560,314,31.4%,12.5%,56.1%,22.5%,13.6%,16.2%,481,390,9.6%,9.4%,81.1%,38.9%,22.7%,17.5%,389,310,11.1%,9.3%,79.7%,40.1%,22.6%
44-MONROE,10-Tenth,4.0%,447,212,28.6%,23.9%,47.4%,14.3%,10.3%,6.6%,410,255,21.5%,16.3%,62.2%,16.8%,10.2%,7.9%,365,188,28.8%,19.7%,51.5%,19.7%,11.8%,6.9%,320,207,19.7%,15.6%,64.7%,23.4%,16.6%
44-MONROE,11-Eleventh,1.3%,236,50,57.2%,21.6%,21.2%,4.7%,3.4%,0.5%,211,55,54.0%,19.9%,26.1%,2.8%,2.4%,1.3%,297,53,60.3%,21.9%,17.8%,5.1%,3.7%,0.8%,132,42,47.7%,20.5%,31.8%,7.6%,6.8%
44-MONROE,12-Twelfth,0.0%,26,**,53.8%,23.1%,23.1%,7.7%,7.7%,4.5%,44,15,47.7%,18.2%,34.1%,11.4%,6.8%,9.5%,42,16,42.9%,19.0%,38.1%,9.5%,0.0%,19.2%,26,13,34.6%,15.4%,50.0%,26.9%,7.7%
45-NASSAU,09-Ninth,5.1%,817,426,24.4%,23.5%,52.1%,15.7%,10.5%,10.1%,937,551,24.4%,16.8%,58.8%,22.1%,12.0%,10.1%,815,552,17.2%,15.1%,67.7%,28.0%,17.9%,14.0%,773,604,11.6%,10.2%,78.1%,35.3%,21.3%
45-NASSAU,10-Tenth,7.2%,723,275,41.1%,20.9%,38.0%,14.5%,7.3%,11.3%,793,423,23.1%,23.6%,53.3%,21.6%,10.2%,8.2%,692,379,25.0%,20.2%,54.8%,16.2%,7.9%,3.4%,465,228,25.6%,25.4%,49.0%,13.5%,10.1%
45-NASSAU,11-Eleventh,1.8%,433,148,41.1%,24.7%,34.2%,7.6%,5.8%,1.8%,542,185,36.2%,29.7%,34.1%,6.5%,4.6%,2.2%,407,88,48.4%,30.0%,21.6%,3.2%,1.0%,2.2%,134,37,46.3%,26.1%,27.6%,4.5%,2.2%
45-NASSAU,12-Twelfth,1.9%,103,17,56.3%,27.2%,16.5%,2.9%,1.0%,6.3%,64,25,40.6%,20.3%,39.1%,12.5%,6.3%,0.0%,37,12,43.2%,24.3%,32.4%,16.2%,16.2%,0.0%,19,**,36.8%,21.1%,42.1%,10.5%,10.5%
46-OKALOOSA,09-Ninth,14.1%,"1,951","1,425",15.4%,11.6%,73.0%,35.8%,21.7%,15.5%,"1,975","1,456",14.2%,12.1%,73.7%,38.4%,22.9%,19.7%,"1,942","1,532",11.4%,9.7%,78.9%,43.3%,23.6%,21.0%,"1,799","1,382",13.5%,9.7%,76.8%,43.6%,22.6%
46-OKALOOSA,10-Tenth,9.1%,"1,866","1,078",21.6%,20.6%,57.8%,21.3%,12.3%,9.9%,"1,664","1,024",18.8%,19.7%,61.5%,22.4%,12.4%,13.2%,"1,775","1,168",19.1%,15.1%,65.8%,27.6%,14.4%,8.3%,"1,463",821,25.3%,18.6%,56.1%,20.4%,12.1%
46-OKALOOSA,11-Eleventh,2.1%,"1,085",355,39.3%,28.0%,32.7%,6.1%,4.0%,5.9%,962,401,33.8%,24.5%,41.7%,13.6%,7.7%,7.6%,990,501,28.7%,20.7%,50.6%,16.7%,9.1%,5.2%,330,133,40.6%,19.1%,40.3%,11.5%,6.4%
46-OKALOOSA,12-Twelfth,2.3%,219,45,56.2%,23.3%,20.5%,3.7%,1.4%,3.6%,138,46,44.9%,21.7%,33.3%,10.1%,6.5%,6.5%,200,85,36.0%,21.5%,42.5%,17.0%,10.5%,3.3%,92,27,52.2%,18.5%,29.3%,9.8%,6.5%
47-OKEECHOBEE,09-Ninth,2.4%,492,166,47.4%,18.9%,33.7%,7.5%,5.1%,2.8%,458,180,45.4%,15.3%,39.3%,8.5%,5.7%,2.7%,447,196,38.7%,17.4%,43.8%,10.1%,7.4%,2.2%,358,163,40.2%,14.2%,45.5%,9.2%,7.0%
47-OKEECHOBEE,10-Tenth,2.8%,395,133,39.7%,26.6%,33.7%,6.8%,4.1%,1.4%,432,90,56.3%,22.9%,20.8%,3.7%,2.3%,2.0%,357,86,52.9%,23.0%,24.1%,4.5%,2.5%,0.0%,205,54,44.4%,29.3%,26.3%,3.4%,3.4%
47-OKEECHOBEE,11-Eleventh,0.0%,203,18,69.0%,22.2%,8.9%,0.0%,0.0%,0.0%,219,12,83.1%,11.4%,5.5%,0.0%,0.0%,0.9%,112,10,67.9%,23.2%,8.9%,1.8%,0.9%,0.0%,40,**,65.0%,17.5%,17.5%,0.0%,0.0%
47-OKEECHOBEE,12-Twelfth,0.0%,48,**,60.4%,20.8%,18.8%,2.1%,2.1%,0.0%,53,**,86.8%,9.4%,3.8%,0.0%,0.0%,15.8%,19,**,42.1%,26.3%,31.6%,15.8%,0.0%,0.0%,10,**,60.0%,0.0%,40.0%,0.0%,0.0%
48-ORANGE,09-Ninth,7.4%,"13,523","5,277",42.6%,18.4%,39.0%,15.1%,7.7%,7.6%,"14,077","6,539",36.8%,16.7%,46.5%,18.0%,10.3%,7.3%,"14,270","6,281",40.1%,15.8%,44.0%,16.2%,8.9%,6.3%,"10,142","4,913",35.7%,15.9%,48.4%,17.6%,11.3%
48-ORANGE,10-Tenth,4.5%,"11,510","3,791",53.2%,13.8%,32.9%,12.1%,7.6%,4.5%,"11,504","4,283",44.0%,18.8%,37.2%,12.4%,7.9%,2.8%,"12,432","3,324",52.3%,21.0%,26.7%,6.8%,4.0%,4.6%,"4,178","1,701",37.8%,21.5%,40.7%,11.9%,7.3%
48-ORANGE,11-Eleventh,1.9%,"7,844","2,550",45.7%,21.8%,32.5%,7.3%,5.4%,1.9%,"6,773","1,580",56.4%,20.3%,23.3%,5.4%,3.5%,2.8%,"5,687","1,016",66.4%,15.8%,17.9%,5.7%,2.9%,5.0%,"1,092",300,58.9%,13.6%,27.5%,10.4%,5.4%
48-ORANGE,12-Twelfth,1.6%,"1,195",207,66.6%,16.1%,17.3%,3.8%,2.3%,2.7%,"1,057",254,57.3%,18.6%,24.0%,7.3%,4.5%,5.4%,"1,352",382,57.2%,14.5%,28.3%,10.9%,5.5%,6.1%,656,197,57.3%,12.7%,30.0%,13.4%,7.3%
49-OSCEOLA,09-Ninth,9.1%,"3,371","2,146",19.8%,16.6%,63.7%,24.7%,15.5%,9.1%,"3,618","2,155",24.0%,16.4%,59.6%,21.6%,12.5%,6.5%,"4,795","2,264",38.5%,14.3%,47.2%,17.2%,10.7%,4.4%,"4,496","1,993",41.7%,14.0%,44.3%,14.1%,9.7%
49-OSCEOLA,10-Tenth,3.6%,"3,985","1,374",43.7%,21.8%,34.5%,8.8%,5.2%,4.4%,"4,512","1,600",44.3%,20.2%,35.5%,10.4%,5.9%,4.9%,"4,712","1,771",41.9%,20.5%,37.6%,11.3%,6.3%,1.4%,"3,478",973,51.7%,20.4%,28.0%,6.5%,5.1%
49-OSCEOLA,11-Eleventh,0.8%,"2,149",293,67.3%,19.0%,13.6%,2.7%,2.0%,0.9%,"1,984",304,65.4%,19.3%,15.3%,3.1%,2.2%,1.6%,"2,647",517,61.8%,18.6%,19.5%,3.8%,2.2%,0.8%,"1,339",198,68.0%,17.3%,14.8%,2.7%,1.9%
49-OSCEOLA,12-Twelfth,1.4%,211,23,69.2%,19.9%,10.9%,2.4%,0.9%,1.1%,376,39,77.7%,12.0%,10.4%,2.4%,1.3%,0.7%,403,60,67.2%,17.9%,14.9%,3.5%,2.7%,1.3%,397,52,73.3%,13.6%,13.1%,3.8%,2.5%
50-PALM BEACH,09-Ninth,9.7%,"12,505","7,220",27.5%,14.8%,57.7%,24.2%,14.6%,10.9%,"12,480","7,512",25.7%,14.1%,60.2%,25.6%,14.7%,15.3%,"12,419","7,901",23.9%,12.4%,63.6%,31.4%,16.1%,13.6%,"10,876","7,067",22.1%,12.9%,65.0%,31.5%,17.9%
50-PALM BEACH,10-Tenth,4.9%,"10,435","4,768",31.8%,22.5%,45.7%,13.3%,8.3%,5.9%,"11,319","4,954",36.5%,19.7%,43.8%,14.0%,8.1%,7.9%,"11,381","5,411",33.9%,18.5%,47.5%,17.3%,9.4%,4.0%,"7,899","3,332",38.6%,19.3%,42.2%,13.0%,9.0%
50-PALM BEACH,11-Eleventh,1.2%,"6,356","1,315",56.8%,22.5%,20.7%,3.5%,2.2%,2.1%,"6,331","1,430",56.6%,20.8%,22.6%,5.4%,3.3%,3.7%,"6,302","1,897",50.2%,19.7%,30.1%,8.4%,4.7%,2.5%,"2,649",550,60.6%,18.6%,20.8%,6.2%,3.7%
50-PALM BEACH,12-Twelfth,0.2%,"1,322",130,76.0%,14.1%,9.8%,1.4%,1.1%,2.4%,"1,482",216,69.8%,15.6%,14.6%,4.9%,2.5%,3.1%,"1,853",368,64.5%,15.6%,19.9%,6.2%,3.1%,4.1%,"1,012",205,66.9%,12.8%,20.3%,7.8%,3.8%
51-PASCO,09-Ninth,9.6%,"4,648","2,724",28.6%,12.8%,58.6%,24.1%,14.5%,10.2%,"4,977","2,829",29.2%,13.9%,56.8%,24.1%,13.9%,12.3%,"4,919","3,017",26.2%,12.5%,61.3%,29.0%,16.7%,11.9%,"4,558","2,968",22.9%,12.0%,65.1%,30.9%,19.0%
51-PASCO,10-Tenth,4.2%,"4,116","2,029",29.4%,21.3%,49.3%,13.4%,9.3%,5.7%,"4,473","2,155",29.7%,22.1%,48.2%,15.0%,9.3%,7.8%,"3,858","2,262",20.4%,20.9%,58.6%,20.0%,12.2%,3.7%,"2,538","1,365",26.9%,19.3%,53.8%,14.3%,10.6%
51-PASCO,11-Eleventh,0.7%,"2,462",547,56.0%,21.8%,22.2%,2.5%,1.8%,1.3%,"2,425",490,56.6%,23.2%,20.2%,3.5%,2.2%,1.4%,"2,717",658,51.0%,24.8%,24.2%,4.1%,2.8%,2.3%,"1,252",330,52.9%,20.8%,26.4%,6.7%,4.4%
51-PASCO,12-Twelfth,0.5%,219,25,70.8%,17.8%,11.4%,0.5%,0.0%,0.9%,211,27,65.4%,21.8%,12.8%,3.8%,2.8%,3.1%,286,61,59.1%,19.6%,21.3%,5.2%,2.1%,6.3%,397,138,51.1%,14.1%,34.8%,13.6%,7.3%
52-PINELLAS,09-Ninth,6.9%,"7,435","3,583",35.0%,16.8%,48.2%,16.3%,9.4%,7.7%,"7,139","3,334",35.7%,17.6%,46.7%,17.4%,9.7%,8.6%,"7,028","3,729",33.0%,14.0%,53.1%,20.4%,11.8%,6.3%,"6,166","3,013",37.5%,13.7%,48.9%,18.7%,12.4%
52-PINELLAS,10-Tenth,4.0%,"5,445","2,300",33.5%,24.3%,42.2%,11.0%,7.0%,3.5%,"5,363","1,897",40.6%,24.0%,35.4%,8.7%,5.2%,5.2%,"4,528","1,890",35.5%,22.8%,41.7%,12.6%,7.4%,7.0%,"2,371","1,156",32.3%,18.9%,48.8%,16.3%,9.3%
52-PINELLAS,11-Eleventh,0.6%,"2,886",445,63.1%,21.5%,15.4%,2.4%,1.8%,1.3%,"3,131",536,61.3%,21.6%,17.1%,3.2%,1.8%,2.6%,"2,418",506,57.4%,21.7%,20.9%,5.3%,2.7%,3.3%,"1,412",262,65.6%,15.9%,18.6%,6.7%,3.5%
52-PINELLAS,12-Twelfth,0.5%,596,101,64.9%,18.1%,16.9%,1.7%,1.2%,2.4%,501,89,66.7%,15.6%,17.8%,4.6%,2.2%,4.1%,589,133,62.3%,15.1%,22.6%,7.3%,3.2%,9.0%,356,105,62.4%,8.1%,29.5%,14.0%,5.1%
53-POLK,09-Ninth,3.4%,"7,037","2,931",39.8%,18.5%,41.7%,11.9%,8.4%,3.0%,"7,261","2,821",42.3%,18.9%,38.9%,9.4%,6.4%,3.5%,"6,699","2,925",38.7%,17.6%,43.7%,11.7%,8.2%,3.6%,"4,078","2,314",26.1%,17.2%,56.7%,15.7%,12.1%
53-POLK,10-Tenth,1.6%,"6,012","1,850",45.4%,23.8%,30.8%,5.6%,3.9%,1.3%,"6,349","1,576",52.1%,23.0%,24.8%,4.9%,3.6%,1.1%,"6,046","1,528",52.6%,22.2%,25.3%,4.1%,3.1%,0.7%,"4,820","1,281",51.7%,21.7%,26.6%,4.3%,3.6%
53-POLK,11-Eleventh,0.5%,"3,673",432,69.9%,18.4%,11.8%,1.6%,1.0%,0.6%,"3,393",344,71.8%,18.0%,10.1%,1.7%,1.1%,1.0%,"2,314",402,62.4%,20.2%,17.4%,2.9%,2.0%,1.3%,914,185,64.0%,15.8%,20.2%,4.7%,3.4%
53-POLK,12-Twelfth,0.4%,447,47,79.2%,10.3%,10.5%,1.8%,1.3%,0.5%,428,46,77.8%,11.4%,10.7%,1.4%,0.9%,1.2%,407,67,70.0%,13.5%,16.5%,2.9%,1.7%,2.6%,386,107,62.2%,10.1%,27.7%,9.6%,7.0%
54-PUTNAM,09-Ninth,1.5%,671,261,36.4%,24.7%,38.9%,6.9%,5.4%,1.2%,666,188,49.7%,22.1%,28.2%,4.1%,2.9%,2.4%,510,232,34.9%,19.6%,45.5%,9.8%,7.5%,1.2%,401,162,38.7%,20.9%,40.4%,7.7%,6.5%
54-PUTNAM,10-Tenth,2.6%,619,184,43.6%,26.7%,29.7%,5.2%,2.6%,0.8%,520,108,53.5%,25.8%,20.8%,3.1%,2.3%,0.5%,419,95,50.8%,26.5%,22.7%,4.3%,3.8%,2.0%,357,109,48.5%,21.0%,30.5%,6.2%,4.2%
54-PUTNAM,11-Eleventh,1.1%,355,66,58.3%,23.1%,18.6%,2.5%,1.4%,2.0%,244,32,66.8%,20.1%,13.1%,3.7%,1.6%,0.9%,214,43,57.5%,22.4%,20.1%,4.7%,3.7%,2.3%,131,23,63.4%,19.1%,17.6%,6.1%,3.8%
54-PUTNAM,12-Twelfth,0.0%,75,**,69.3%,18.7%,12.0%,1.3%,1.3%,0.0%,65,13,58.5%,21.5%,20.0%,6.2%,6.2%,3.6%,56,13,60.7%,16.1%,23.2%,5.4%,1.8%,5.1%,59,18,55.9%,13.6%,30.5%,8.5%,3.4%
55-ST. JOHNS,09-Ninth,22.9%,"2,735","2,223",10.3%,8.4%,81.3%,47.1%,24.2%,23.8%,"2,756","2,127",12.8%,10.0%,77.2%,45.6%,21.8%,24.9%,"3,061","2,391",13.6%,8.3%,78.1%,46.6%,21.7%,21.4%,"2,776","2,134",14.0%,9.1%,76.9%,43.9%,22.6%
55-ST. JOHNS,10-Tenth,15.2%,"2,198","1,678",8.2%,15.4%,76.3%,31.9%,16.7%,15.8%,"2,233","1,657",10.1%,15.7%,74.2%,33.4%,17.6%,18.1%,"2,260","1,737",9.7%,13.4%,76.9%,36.6%,18.6%,9.8%,"1,391",975,11.4%,18.5%,70.1%,29.8%,20.1%
55-ST. JOHNS,11-Eleventh,4.2%,"1,130",557,21.6%,29.1%,49.3%,11.9%,7.7%,5.1%,"1,154",495,29.5%,27.6%,42.9%,11.2%,6.1%,7.5%,"1,296",658,26.2%,23.1%,50.8%,16.0%,8.6%,6.5%,415,192,35.2%,18.6%,46.3%,17.8%,11.3%
55-ST. JOHNS,12-Twelfth,1.7%,119,39,35.3%,31.9%,32.8%,5.9%,4.2%,5.7%,192,61,40.1%,28.1%,31.8%,13.5%,7.8%,5.2%,289,98,41.5%,24.6%,33.9%,10.7%,5.5%,17.9%,106,69,22.6%,12.3%,65.1%,30.2%,12.3%
56-ST. LUCIE,09-Ninth,3.2%,"2,978","1,366",37.1%,17.0%,45.9%,11.8%,8.5%,3.1%,"3,028","1,297",37.1%,20.0%,42.8%,10.5%,7.4%,6.5%,"1,984","1,296",16.5%,18.2%,65.3%,20.7%,14.2%,7.1%,"1,677","1,134",16.5%,15.9%,67.6%,22.6%,15.5%
56-ST. LUCIE,10-Tenth,1.5%,"2,505",806,43.5%,24.3%,32.2%,5.0%,3.4%,1.6%,"2,580",813,45.3%,23.2%,31.5%,6.4%,4.9%,4.6%,"1,641",862,22.7%,24.8%,52.5%,13.3%,8.7%,1.7%,"1,910",683,44.0%,20.2%,35.8%,6.9%,5.2%
56-ST. LUCIE,11-Eleventh,0.3%,"1,478",207,65.1%,20.9%,14.0%,1.6%,1.2%,0.5%,"1,536",207,64.3%,22.3%,13.5%,2.0%,1.4%,1.3%,868,201,51.7%,25.1%,23.2%,3.9%,2.6%,0.6%,"1,086",144,67.1%,19.6%,13.3%,1.8%,1.2%
56-ST. LUCIE,12-Twelfth,0.3%,288,40,68.1%,18.1%,13.9%,2.1%,1.7%,0.0%,191,21,75.9%,13.1%,11.0%,2.6%,2.6%,3.0%,100,25,58.0%,17.0%,25.0%,8.0%,5.0%,5.0%,202,39,69.3%,11.4%,19.3%,7.9%,3.0%
57-SANTA ROSA,09-Ninth,13.7%,"1,755","1,330",12.3%,12.0%,75.8%,31.9%,18.2%,14.8%,"1,681","1,241",13.1%,13.1%,73.8%,31.6%,16.8%,13.6%,"1,845","1,353",14.1%,12.5%,73.3%,33.2%,19.6%,8.6%,"1,781","1,197",18.1%,14.7%,67.2%,26.6%,18.0%
57-SANTA ROSA,10-Tenth,7.6%,"1,867","1,090",19.7%,21.9%,58.4%,18.6%,11.0%,10.3%,"2,007","1,129",22.7%,21.0%,56.3%,21.2%,10.9%,9.8%,"1,983","1,189",21.9%,18.1%,60.0%,20.8%,10.9%,4.2%,"1,204",637,25.5%,21.6%,52.9%,13.7%,9.6%
57-SANTA ROSA,11-Eleventh,1.1%,878,221,44.9%,30.0%,25.2%,4.4%,3.3%,1.7%,"1,104",272,45.9%,29.4%,24.6%,5.0%,3.3%,2.5%,"1,091",333,42.9%,26.6%,30.5%,6.8%,4.3%,1.3%,313,102,43.5%,24.0%,32.6%,7.0%,5.8%
57-SANTA ROSA,12-Twelfth,0.9%,111,26,57.7%,18.9%,23.4%,4.5%,3.6%,0.7%,153,31,54.2%,25.5%,20.3%,6.5%,5.9%,3.4%,206,54,48.5%,25.2%,26.2%,7.8%,4.4%,3.3%,61,18,52.5%,18.0%,29.5%,4.9%,1.6%
58-SARASOTA,09-Ninth,18.2%,"2,989","2,120",16.5%,12.6%,70.9%,35.8%,17.6%,19.7%,"3,167","2,330",15.3%,11.2%,73.6%,38.1%,18.4%,23.3%,"3,058","2,327",14.2%,9.7%,76.1%,42.7%,19.4%,18.4%,"2,775","2,158",12.2%,10.0%,77.8%,41.1%,22.7%
58-SARASOTA,10-Tenth,8.6%,"2,725","1,579",21.5%,20.6%,57.9%,20.6%,12.0%,10.8%,"2,734","1,557",24.0%,19.1%,56.9%,22.6%,11.9%,14.3%,"2,600","1,677",18.8%,16.7%,64.5%,28.1%,13.8%,6.4%,"1,432",850,22.6%,18.1%,59.4%,20.4%,14.0%
58-SARASOTA,11-Eleventh,1.4%,"1,400",383,44.0%,28.6%,27.4%,4.7%,3.4%,3.3%,"1,172",396,39.8%,26.5%,33.8%,8.4%,5.1%,6.0%,"1,142",512,33.3%,21.9%,44.8%,14.3%,8.2%,4.0%,521,158,50.1%,19.6%,30.3%,7.9%,3.8%
58-SARASOTA,12-Twelfth,1.8%,225,64,54.2%,17.3%,28.4%,7.6%,5.8%,4.0%,125,30,55.2%,20.8%,24.0%,7.2%,3.2%,4.3%,140,45,51.4%,16.4%,32.1%,9.3%,5.0%,10.0%,170,84,36.5%,14.1%,49.4%,25.9%,15.9%
59-SEMINOLE,09-Ninth,13.5%,"4,954","3,212",22.6%,12.6%,64.8%,28.7%,15.2%,15.3%,"4,811","2,998",24.8%,12.9%,62.3%,30.1%,14.7%,17.2%,"4,687","2,957",25.6%,11.3%,63.1%,33.0%,15.8%,12.9%,"4,295","2,557",27.4%,13.0%,59.5%,29.9%,16.9%
59-SEMINOLE,10-Tenth,7.5%,"4,100","2,238",23.2%,22.2%,54.6%,17.7%,10.2%,8.5%,"4,059","2,102",26.4%,21.8%,51.8%,19.1%,10.6%,11.7%,"3,999","2,376",22.2%,18.4%,59.4%,23.9%,12.3%,3.6%,"2,391","1,132",32.5%,20.2%,47.3%,13.6%,10.0%
59-SEMINOLE,11-Eleventh,1.5%,"2,262",558,50.9%,24.4%,24.7%,4.4%,2.9%,2.5%,"2,047",533,49.7%,24.2%,26.0%,6.9%,4.3%,4.7%,"2,135",742,42.1%,23.1%,34.8%,10.0%,5.3%,4.6%,846,228,53.9%,19.1%,27.0%,10.4%,5.8%
59-SEMINOLE,12-Twelfth,1.6%,248,37,66.1%,19.0%,14.9%,4.0%,2.4%,1.4%,295,58,58.3%,22.0%,19.7%,4.1%,2.7%,7.9%,315,99,48.9%,19.7%,31.4%,12.7%,4.8%,10.0%,211,95,41.7%,13.3%,45.0%,21.8%,11.8%
60-SUMTER,09-Ninth,7.9%,558,319,27.2%,15.6%,57.2%,19.7%,11.8%,7.0%,557,308,28.4%,16.3%,55.3%,19.7%,12.7%,8.5%,585,352,26.5%,13.3%,60.2%,22.4%,13.8%,3.6%,504,245,32.7%,18.7%,48.6%,14.3%,10.7%
60-SUMTER,10-Tenth,7.3%,411,188,27.7%,26.5%,45.7%,15.6%,8.3%,3.3%,452,212,25.9%,27.2%,46.9%,12.8%,9.5%,5.4%,388,201,28.9%,19.3%,51.8%,14.7%,9.3%,1.5%,262,129,26.7%,24.0%,49.2%,11.1%,9.5%
60-SUMTER,11-Eleventh,2.7%,293,60,57.0%,22.5%,20.5%,6.5%,3.8%,1.1%,262,78,42.7%,27.5%,29.8%,5.0%,3.8%,0.4%,240,57,54.6%,21.7%,23.8%,5.0%,4.6%,2.5%,79,25,44.3%,24.1%,31.6%,7.6%,5.1%
60-SUMTER,12-Twelfth,0.0%,25,**,64.0%,20.0%,16.0%,4.0%,4.0%,6.3%,16,**,43.8%,25.0%,31.3%,12.5%,6.3%,11.1%,18,**,50.0%,16.7%,33.3%,11.1%,0.0%,0.0%,13,**,53.8%,30.8%,15.4%,0.0%,0.0%
61-SUWANNEE,09-Ninth,8.0%,263,132,31.2%,18.6%,50.2%,17.5%,9.5%,5.7%,264,114,35.6%,21.2%,43.2%,10.6%,4.9%,3.4%,292,102,45.2%,19.9%,34.9%,8.6%,5.1%,0.8%,243,82,46.9%,19.3%,33.7%,6.2%,5.3%
61-SUWANNEE,10-Tenth,5.2%,267,155,21.3%,20.6%,58.1%,16.5%,11.2%,8.5%,364,160,37.6%,18.4%,44.0%,19.2%,10.7%,6.8%,323,141,34.4%,22.0%,43.7%,14.9%,8.0%,5.7%,192,110,22.9%,19.8%,57.3%,17.7%,12.0%
61-SUWANNEE,11-Eleventh,1.4%,210,50,49.5%,26.7%,23.8%,4.3%,2.9%,0.5%,216,54,54.2%,20.8%,25.0%,2.8%,2.3%,1.1%,175,62,39.4%,25.1%,35.4%,7.4%,6.3%,0.0%,116,23,56.9%,23.3%,19.8%,1.7%,1.7%
61-SUWANNEE,12-Twelfth,0.0%,25,**,48.0%,20.0%,32.0%,8.0%,8.0%,1.8%,56,**,64.3%,19.6%,16.1%,5.4%,3.6%,0.0%,35,10,42.9%,28.6%,28.6%,2.9%,2.9%,4.4%,45,12,57.8%,15.6%,26.7%,4.4%,0.0%
62-TAYLOR,09-Ninth,5.1%,158,91,25.3%,17.1%,57.6%,19.6%,14.6%,2.5%,160,60,40.0%,22.5%,37.5%,7.5%,5.0%,3.2%,126,67,29.4%,17.5%,53.2%,15.1%,11.9%,2.0%,149,53,41.6%,22.8%,35.6%,6.0%,4.0%
62-TAYLOR,10-Tenth,2.0%,149,38,43.0%,31.5%,25.5%,8.1%,6.0%,2.2%,178,65,38.8%,24.7%,36.5%,9.0%,6.7%,3.1%,128,47,39.8%,23.4%,36.7%,9.4%,6.3%,0.0%,64,12,57.8%,23.4%,18.8%,0.0%,0.0%
62-TAYLOR,11-Eleventh,0.0%,36,**,44.4%,38.9%,16.7%,2.8%,2.8%,0.0%,30,11,40.0%,23.3%,36.7%,6.7%,6.7%,0.0%,22,**,59.1%,31.8%,9.1%,0.0%,0.0%,0.0%,37,**,78.4%,8.1%,13.5%,0.0%,0.0%
62-TAYLOR,12-Twelfth,**.*,**,**,**.*,**.*,**.*,**.*,**.*,**.*,**,**,**.*,**.*,**.*,**.*,**.*,**.*,**,**,**.*,**.*,**.*,**.*,**.*,**.*,**,**,**.*,**.*,**.*,**.*,**.*
63-UNION,09-Ninth,4.2%,120,78,15.0%,20.0%,65.0%,15.8%,11.7%,9.5%,105,81,13.3%,9.5%,77.1%,23.8%,14.3%,11.2%,161,122,13.0%,11.2%,75.8%,38.5%,27.3%,15.2%,145,101,20.7%,9.7%,69.7%,33.1%,17.9%
63-UNION,10-Tenth,1.4%,141,68,22.0%,29.8%,48.2%,7.1%,5.7%,5.1%,138,71,21.0%,27.5%,51.4%,12.3%,7.2%,7.5%,93,60,14.0%,21.5%,64.5%,15.1%,7.5%,10.2%,59,42,15.3%,13.6%,71.2%,22.0%,11.9%
63-UNION,11-Eleventh,0.0%,78,11,64.1%,21.8%,14.1%,1.3%,1.3%,2.9%,34,13,29.4%,32.4%,38.2%,2.9%,0.0%,0.0%,17,**,23.5%,47.1%,29.4%,0.0%,0.0%,4.1%,49,29,26.5%,14.3%,59.2%,12.2%,8.2%
63-UNION,12-Twelfth,**.*,**,**,**.*,**.*,**.*,**.*,**.*,**.*,**,**,**.*,**.*,**.*,**.*,**.*,**.*,**,**,**.*,**.*,**.*,**.*,**.*,5.9%,17,**,47.1%,23.5%,29.4%,5.9%,0.0%
64-VOLUSIA,09-Ninth,13.4%,"3,165","2,170",18.5%,12.9%,68.6%,31.2%,17.8%,12.9%,"3,540","2,331",21.4%,12.7%,65.8%,28.8%,15.9%,11.5%,"3,202","2,034",23.6%,12.8%,63.5%,25.5%,14.1%,7.8%,"2,846","1,695",24.5%,15.9%,59.6%,22.5%,14.6%
64-VOLUSIA,10-Tenth,4.0%,"3,532","1,692",29.5%,22.6%,47.9%,11.6%,7.6%,3.9%,"3,368","1,494",33.8%,21.8%,44.4%,11.4%,7.5%,4.8%,"3,470","1,586",35.1%,19.2%,45.7%,13.4%,8.7%,2.6%,"2,677","1,086",39.4%,20.0%,40.6%,9.7%,7.1%
64-VOLUSIA,11-Eleventh,1.1%,"1,939",469,50.3%,25.5%,24.2%,3.4%,2.3%,0.9%,"1,618",419,47.8%,26.3%,25.9%,3.0%,2.1%,2.6%,"1,938",646,42.1%,24.6%,33.3%,7.8%,5.2%,1.5%,"1,176",353,48.5%,21.5%,30.0%,7.2%,5.7%
64-VOLUSIA,12-Twelfth,0.5%,582,121,56.5%,22.7%,20.8%,2.7%,2.2%,1.7%,536,113,59.5%,19.4%,21.1%,3.9%,2.2%,1.7%,769,175,55.3%,22.0%,22.8%,3.4%,1.7%,1.8%,658,158,52.6%,23.4%,24.0%,4.9%,3.0%
65-WAKULLA,09-Ninth,8.1%,385,257,19.2%,14.0%,66.8%,22.9%,14.8%,7.9%,354,204,21.5%,20.9%,57.6%,18.9%,11.0%,13.7%,249,197,7.6%,13.3%,79.1%,32.9%,19.3%,6.4%,173,144,9.8%,6.9%,83.2%,27.2%,20.8%
65-WAKULLA,10-Tenth,7.0%,314,163,22.9%,25.2%,51.9%,15.9%,8.9%,5.6%,322,144,31.1%,24.2%,44.7%,11.5%,5.9%,6.9%,131,84,16.8%,19.1%,64.1%,22.1%,15.3%,2.3%,174,69,37.9%,22.4%,39.7%,9.2%,6.9%
65-WAKULLA,11-Eleventh,4.3%,70,17,50.0%,25.7%,24.3%,5.7%,1.4%,1.4%,71,19,40.8%,32.4%,26.8%,4.2%,2.8%,11.1%,27,20,7.4%,18.5%,74.1%,33.3%,22.2%,0.0%,72,19,47.2%,26.4%,26.4%,1.4%,1.4%
65-WAKULLA,12-Twelfth,0.0%,16,**,75.0%,6.3%,18.8%,6.3%,6.3%,20.0%,10,**,40.0%,40.0%,20.0%,20.0%,0.0%,18.2%,11,**,27.3%,18.2%,54.5%,36.4%,18.2%,10.0%,10,**,40.0%,0.0%,60.0%,20.0%,10.0%
66-WALTON,09-Ninth,8.5%,552,357,21.0%,14.3%,64.7%,27.2%,18.7%,9.3%,599,397,20.7%,13.0%,66.3%,26.2%,16.9%,21.3%,465,382,11.2%,6.7%,82.2%,43.9%,22.6%,17.6%,450,362,9.6%,10.0%,80.4%,38.7%,21.1%
66-WALTON,10-Tenth,7.6%,503,221,33.2%,22.9%,43.9%,15.1%,7.6%,7.2%,529,285,23.1%,23.1%,53.9%,20.8%,13.6%,10.6%,576,367,20.5%,15.8%,63.7%,27.1%,16.5%,9.6%,387,252,19.1%,15.8%,65.1%,21.7%,12.1%
66-WALTON,11-Eleventh,1.9%,311,130,34.4%,23.8%,41.8%,9.0%,7.1%,2.3%,305,121,32.1%,28.2%,39.7%,7.5%,5.2%,4.1%,268,123,31.7%,22.4%,45.9%,13.1%,9.0%,2.8%,109,39,45.0%,19.3%,35.8%,8.3%,5.5%
66-WALTON,12-Twelfth,2.4%,42,12,54.8%,16.7%,28.6%,7.1%,4.8%,3.7%,54,11,46.3%,33.3%,20.4%,9.3%,5.6%,4.4%,45,18,37.8%,22.2%,40.0%,8.9%,4.4%,7.1%,28,12,39.3%,17.9%,42.9%,17.9%,10.7%
67-WASHINGTON,09-Ninth,2.7%,262,123,35.5%,17.6%,46.9%,12.6%,9.9%,2.5%,203,85,39.9%,18.2%,41.9%,8.9%,6.4%,6.0%,218,115,34.9%,12.4%,52.8%,17.0%,11.0%,2.2%,223,107,35.0%,17.0%,48.0%,12.1%,9.9%
67-WASHINGTON,10-Tenth,1.6%,251,82,42.2%,25.1%,32.7%,6.4%,4.8%,3.3%,245,94,38.0%,23.7%,38.4%,9.8%,6.5%,5.7%,192,85,36.5%,19.3%,44.3%,13.5%,7.8%,0.0%,140,31,56.4%,21.4%,22.1%,1.4%,1.4%
67-WASHINGTON,11-Eleventh,0.7%,150,37,54.7%,20.7%,24.7%,3.3%,2.7%,0.0%,89,19,39.3%,39.3%,21.3%,1.1%,1.1%,3.3%,61,29,24.6%,27.9%,47.5%,8.2%,4.9%,0.0%,17,**,64.7%,17.6%,17.6%,0.0%,0.0%
67-WASHINGTON,12-Twelfth,0.0%,25,**,72.0%,24.0%,4.0%,0.0%,0.0%,**.*,**,**,**.*,**.*,**.*,**.*,**.*,**.*,**,**,**.*,**.*,**.*,**.*,**.*,0.0%,12,**,75.0%,8.3%,16.7%,0.0%,0.0%
68-DEAF/BLIND,09-Ninth,2.6%,39,23,33.3%,7.7%,59.0%,12.8%,10.3%,5.6%,18,**,22.2%,44.4%,33.3%,5.6%,0.0%,6.9%,29,13,48.3%,6.9%,44.8%,20.7%,13.8%,2.4%,41,13,53.7%,14.6%,31.7%,7.3%,4.9%
68-DEAF/BLIND,10-Tenth,2.0%,51,25,41.2%,9.8%,49.0%,5.9%,3.9%,4.0%,50,10,62.0%,18.0%,20.0%,8.0%,4.0%,3.2%,31,**,58.1%,32.3%,9.7%,3.2%,0.0%,0.0%,35,**,62.9%,11.4%,25.7%,5.7%,5.7%
68-DEAF/BLIND,11-Eleventh,2.6%,39,**,64.1%,15.4%,20.5%,2.6%,0.0%,2.6%,39,**,71.8%,20.5%,7.7%,2.6%,0.0%,0.0%,40,**,72.5%,20.0%,7.5%,2.5%,2.5%,0.0%,21,**,90.5%,9.5%,0.0%,0.0%,0.0%
68-DEAF/BLIND,12-Twelfth,0.0%,27,**,74.1%,25.9%,0.0%,0.0%,0.0%,0.0%,26,**,84.6%,11.5%,3.8%,0.0%,0.0%,0.0%,16,**,87.5%,12.5%,0.0%,0.0%,0.0%,0.0%,12,**,100.0%,0.0%,0.0%,0.0%,0.0%
71-FL VIRTUAL,09-Ninth,14.2%,260,166,19.6%,16.5%,63.8%,26.5%,12.3%,9.8%,441,272,22.4%,15.9%,61.7%,23.4%,13.6%,14.0%,379,255,18.2%,14.5%,67.3%,28.8%,14.8%,8.4%,441,271,22.7%,15.9%,61.5%,25.6%,17.2%
71-FL VIRTUAL,10-Tenth,7.8%,306,162,19.0%,28.1%,52.9%,15.7%,7.8%,7.3%,504,267,26.6%,20.4%,53.0%,18.5%,11.1%,7.1%,409,228,24.7%,19.6%,55.7%,18.1%,11.0%,8.3%,301,206,15.9%,15.6%,68.4%,17.6%,9.3%
71-FL VIRTUAL,11-Eleventh,2.2%,227,69,39.6%,30.0%,30.4%,6.6%,4.4%,3.4%,320,113,44.7%,20.0%,35.3%,10.9%,7.5%,3.9%,255,94,36.9%,26.3%,36.9%,10.2%,6.3%,7.0%,114,53,36.8%,16.7%,46.5%,15.8%,8.8%
71-FL VIRTUAL,12-Twelfth,0.0%,48,15,35.4%,33.3%,31.3%,6.3%,6.3%,5.6%,54,16,38.9%,31.5%,29.6%,7.4%,1.9%,2.9%,70,12,55.7%,27.1%,17.1%,4.3%,1.4%,16.7%,24,15,29.2%,8.3%,62.5%,29.2%,12.5%
72-FAU LAB SCH,09-Ninth,75.9%,112,112,0.0%,0.0%,100.0%,91.1%,15.2%,94.2%,121,121,0.0%,0.0%,100.0%,100.0%,5.8%,95.0%,139,139,0.0%,0.0%,100.0%,98.6%,3.6%,95.2%,42,42,0.0%,0.0%,100.0%,100.0%,4.8%
72-FAU LAB SCH,10-Tenth,**.*,**,**,**.*,**.*,**.*,**.*,**.*,**.*,**,**,**.*,**.*,**.*,**.*,**.*,**.*,**,**,**.*,**.*,**.*,**.*,**.*,**.*,**,**,**.*,**.*,**.*,**.*,**.*
72-FAU LAB SCH,11-Eleventh,**.*,**,**,**.*,**.*,**.*,**.*,**.*,**.*,**,**,**.*,**.*,**.*,**.*,**.*,**.*,**,**,**.*,**.*,**.*,**.*,**.*,**.*,**,**,**.*,**.*,**.*,**.*,**.*
72-FAU LAB SCH,12-Twelfth,**.*,**,**,**.*,**.*,**.*,**.*,**.*,**.*,**,**,**.*,**.*,**.*,**.*,**.*,**.*,**,**,**.*,**.*,**.*,**.*,**.*,**.*,**,**,**.*,**.*,**.*,**.*,**.*
73-FSU LAB SCH,09-Ninth,13.0%,161,149,3.7%,3.7%,92.5%,39.8%,26.7%,12.3%,171,138,5.3%,14.0%,80.7%,39.2%,26.9%,14.1%,177,136,9.6%,13.6%,76.8%,33.9%,19.8%,13.9%,158,122,10.8%,12.0%,77.2%,34.8%,20.9%
73-FSU LAB SCH,10-Tenth,4.6%,131,87,15.3%,18.3%,66.4%,19.8%,15.3%,8.1%,161,111,8.7%,22.4%,68.9%,25.5%,17.4%,10.2%,118,90,9.3%,14.4%,76.3%,28.0%,17.8%,5.8%,104,68,12.5%,22.1%,65.4%,20.2%,14.4%
73-FSU LAB SCH,11-Eleventh,0.0%,76,19,42.1%,32.9%,25.0%,1.3%,1.3%,2.3%,88,21,44.3%,31.8%,23.9%,4.5%,2.3%,1.1%,90,30,30.0%,36.7%,33.3%,4.4%,3.3%,8.3%,24,10,33.3%,25.0%,41.7%,8.3%,0.0%
73-FSU LAB SCH,12-Twelfth,**.*,**,**,**.*,**.*,**.*,**.*,**.*,,,,,,,,,,,,,,,,,,,,,,,,
74-FAMU LAB SCH,09-Ninth,0.0%,24,**,45.8%,20.8%,33.3%,0.0%,0.0%,0.0%,28,**,53.6%,21.4%,25.0%,0.0%,0.0%,0.0%,32,**,65.6%,18.8%,15.6%,0.0%,0.0%,0.0%,41,12,41.5%,29.3%,29.3%,2.4%,2.4%
74-FAMU LAB SCH,10-Tenth,0.0%,18,**,83.3%,5.6%,11.1%,0.0%,0.0%,0.0%,18,**,72.2%,27.8%,0.0%,0.0%,0.0%,0.0%,31,**,41.9%,41.9%,16.1%,0.0%,0.0%,0.0%,19,**,68.4%,15.8%,15.8%,0.0%,0.0%
74-FAMU LAB SCH,11-Eleventh,0.0%,23,**,73.9%,17.4%,8.7%,0.0%,0.0%,**.*,**,**,**.*,**.*,**.*,**.*,**.*,0.0%,19,**,78.9%,21.1%,0.0%,0.0%,0.0%,**.*,**,**,**.*,**.*,**.*,**.*,**.*
74-FAMU LAB SCH,12-Twelfth,,,,,,,,,**.*,**,**,**.*,**.*,**.*,**.*,**.*,,,,,,,,,**.*,**,**,**.*,**.*,**.*,**.*,**.*
75-UF LAB SCH,09-Ninth,21.5%,121,101,12.4%,4.1%,83.5%,39.7%,18.2%,15.8%,120,95,8.3%,12.5%,79.2%,38.3%,22.5%,18.9%,122,102,7.4%,9.0%,83.6%,44.3%,25.4%,19.3%,114,91,8.8%,11.4%,79.8%,48.2%,28.9%
75-UF LAB SCH,10-Tenth,7.7%,117,80,10.3%,21.4%,68.4%,25.6%,17.9%,13.3%,105,74,11.4%,18.1%,70.5%,29.5%,16.2%,3.7%,107,49,28.0%,26.2%,45.8%,10.3%,6.5%,0.0%,16,**,31.3%,25.0%,43.8%,31.3%,31.3%
75-UF LAB SCH,11-Eleventh,5.0%,40,**,50.0%,30.0%,20.0%,5.0%,0.0%,3.0%,33,18,21.2%,24.2%,54.5%,9.1%,6.1%,5.6%,36,11,47.2%,22.2%,30.6%,13.9%,8.3%,**.*,**,**,**.*,**.*,**.*,**.*,**.*
75-UF LAB SCH,12-Twelfth,**.*,**,**,**.*,**.*,**.*,**.*,**.*,,,,,,,,,,,,,,,,,**.*,**,**,**.*,**.*,**.*,**.*,**.*