Location,TimeFrame,DataFormat,Data
United States,1997,Number,105055
United States,1999,"Rate per 100,000",355
United States,1997,"Rate per 100,000",356
United States,1999,Number,107493
United States,2001,Number,104219
United States,2001,"Rate per 100,000",334
United States,2003,"Rate per 100,000",303
United States,2003,Number,96531
United States,2006,Number,92721
United States,2006,"Rate per 100,000",289
United States,2007,"Rate per 100,000",272
United States,2013,Number,54148
United States,2007,Number,86814
United States,2013,"Rate per 100,000",173
United States,2010,"Rate per 100,000",225
United States,2010,Number,70793
United States,2015,Number,48043
United States,2015,"Rate per 100,000",152
United States,2011,"Rate per 100,000",196
United States,2011,Number,61423
Alabama,2011,Number,1026
Alabama,2011,"Rate per 100,000",198
Alabama,2015,"Rate per 100,000",168
Alabama,2015,Number,849
Alabama,2010,Number,1101
Alabama,2010,"Rate per 100,000",212
Alabama,2013,"Rate per 100,000",184
Alabama,2007,Number,1650
Alabama,2013,Number,933
Alabama,2006,"Rate per 100,000",333
Alabama,2007,"Rate per 100,000",314
Alabama,2003,Number,1794
Alabama,2006,Number,1752
Alabama,2003,"Rate per 100,000",346
Alabama,2001,"Rate per 100,000",313
Alabama,2001,Number,1617
Alabama,1999,Number,1590
Alabama,1999,"Rate per 100,000",311
Alabama,1997,"Rate per 100,000",328
Alabama,1997,Number,1686
Alaska,1997,Number,351
Alaska,1999,"Rate per 100,000",431
Alaska,1997,"Rate per 100,000",418
Alaska,1999,Number,381
Alaska,2001,Number,348
Alaska,2001,"Rate per 100,000",385
Alaska,2003,"Rate per 100,000",371
Alaska,2006,Number,363
Alaska,2007,"Rate per 100,000",373
Alaska,2006,"Rate per 100,000",412
Alaska,2003,Number,336
Alaska,2013,Number,195
Alaska,2007,Number,321
Alaska,2013,"Rate per 100,000",241
Alaska,2010,"Rate per 100,000",342
Alaska,2015,Number,207
Alaska,2015,"Rate per 100,000",262
Alaska,2011,"Rate per 100,000",271
Alaska,2010,Number,282
Alaska,2011,Number,222
Arizona,2011,Number,936
Arizona,2011,"Rate per 100,000",130
Arizona,2015,"Rate per 100,000",98
Arizona,2015,Number,717
Arizona,2010,Number,1092
Arizona,2013,"Rate per 100,000",122
Arizona,2010,"Rate per 100,000",152
Arizona,2007,Number,1485
Arizona,2013,Number,882
Arizona,2006,Number,1737
Arizona,2006,"Rate per 100,000",249
Arizona,2007,"Rate per 100,000",209
Arizona,2003,Number,1890
Arizona,2003,"Rate per 100,000",292
Arizona,2001,"Rate per 100,000",306
Arizona,1999,Number,1902
Arizona,2001,Number,1884
Arizona,1999,"Rate per 100,000",330
Arizona,1997,"Rate per 100,000",351
Arizona,1997,Number,1869
Arkansas,1997,Number,603
Arkansas,1997,"Rate per 100,000",192
Arkansas,1999,"Rate per 100,000",225
Arkansas,1999,Number,705
Arkansas,2001,Number,651
Arkansas,2001,"Rate per 100,000",208
Arkansas,2003,"Rate per 100,000",216
Arkansas,2003,Number,675
Arkansas,2006,Number,813
Arkansas,2007,"Rate per 100,000",256
Arkansas,2006,"Rate per 100,000",257
Arkansas,2013,Number,681
Arkansas,2007,Number,810
Arkansas,2013,"Rate per 100,000",215
Arkansas,2010,"Rate per 100,000",229
Arkansas,2010,Number,729
Arkansas,2015,Number,555
Arkansas,2015,"Rate per 100,000",175
Arkansas,2011,"Rate per 100,000",224
Arkansas,2011,Number,711
California,2011,Number,9810
California,2011,"Rate per 100,000",234
California,2015,"Rate per 100,000",165
California,2015,Number,6726
California,2010,Number,11532
California,2013,"Rate per 100,000",197
California,2010,"Rate per 100,000",272
California,2007,Number,14034
California,2013,Number,8094
California,2006,"Rate per 100,000",345
California,2007,"Rate per 100,000",320
California,2006,Number,15240
California,2003,Number,16782
California,2003,"Rate per 100,000",387
California,2001,"Rate per 100,000",436
California,1999,Number,19071
California,2001,Number,18144
California,1999,"Rate per 100,000",483
California,1997,"Rate per 100,000",524
California,1997,Number,19899
Colorado,1997,Number,1656
Colorado,1997,"Rate per 100,000",356
Colorado,1999,"Rate per 100,000",367
Colorado,2001,Number,1773
Colorado,1999,Number,1788
Colorado,2001,"Rate per 100,000",348
Colorado,2003,"Rate per 100,000",342
Colorado,2003,Number,1776
Colorado,2006,Number,2034
Colorado,2007,"Rate per 100,000",333
Colorado,2006,"Rate per 100,000",389
Colorado,2013,Number,1077
Colorado,2007,Number,1752
Colorado,2010,"Rate per 100,000",286
Colorado,2013,"Rate per 100,000",196
Colorado,2010,Number,1530
Colorado,2015,Number,999
Colorado,2015,"Rate per 100,000",177
Colorado,2011,"Rate per 100,000",233
Colorado,2011,Number,1254
Connecticut,2011,Number,252
Connecticut,2015,"Rate per 100,000",38
Connecticut,2011,"Rate per 100,000",75
Connecticut,2015,Number,141
Connecticut,2010,Number,315
Connecticut,2013,"Rate per 100,000",74
Connecticut,2010,"Rate per 100,000",93
Connecticut,2007,Number,426
Connecticut,2013,Number,279
Connecticut,2006,"Rate per 100,000",166
Connecticut,2007,"Rate per 100,000",143
Connecticut,2006,Number,498
Connecticut,2003,Number,627
Connecticut,2003,"Rate per 100,000",206
Connecticut,2001,"Rate per 100,000",213
Connecticut,1999,Number,783
Connecticut,2001,Number,630
Connecticut,1999,"Rate per 100,000",280
Connecticut,1997,"Rate per 100,000",260
Connecticut,1997,Number,684
Delaware,1997,Number,312
Delaware,1997,"Rate per 100,000",380
Delaware,1999,"Rate per 100,000",406
Delaware,2001,Number,306
Delaware,1999,Number,348
Delaware,2001,"Rate per 100,000",341
Delaware,2003,"Rate per 100,000",360
Delaware,2003,Number,333
Delaware,2006,Number,303
Delaware,2006,"Rate per 100,000",317
Delaware,2007,"Rate per 100,000",388
Delaware,2007,Number,369
Delaware,2013,Number,159
Delaware,2010,"Rate per 100,000",270
Delaware,2013,"Rate per 100,000",176
Delaware,2010,Number,252
Delaware,2015,Number,162
Delaware,2015,"Rate per 100,000",176
Delaware,2011,"Rate per 100,000",194
Delaware,2011,Number,180
District of Columbia,2011,Number,258
District of Columbia,2015,"Rate per 100,000",251
District of Columbia,2011,"Rate per 100,000",629
District of Columbia,2015,Number,105
District of Columbia,2010,Number,180
District of Columbia,2013,"Rate per 100,000",559
District of Columbia,2010,"Rate per 100,000",430
District of Columbia,2007,Number,288
District of Columbia,2013,Number,228
District of Columbia,2006,"Rate per 100,000",701
District of Columbia,2007,"Rate per 100,000",611
District of Columbia,2006,Number,339
District of Columbia,2003,Number,285
District of Columbia,2003,"Rate per 100,000",572
District of Columbia,2001,"Rate per 100,000",353
District of Columbia,1999,Number,258
District of Columbia,2001,Number,171
District of Columbia,1999,"Rate per 100,000",567
District of Columbia,1997,"Rate per 100,000",578
District of Columbia,1997,Number,264
Florida,1997,Number,5976
Florida,1997,"Rate per 100,000",386
Florida,1999,"Rate per 100,000",417
Florida,2001,Number,6777
Florida,1999,Number,6813
Florida,2001,"Rate per 100,000",392
Florida,2003,"Rate per 100,000",456
Florida,2003,Number,8208
Florida,2006,Number,7302
Florida,2006,"Rate per 100,000",386
Florida,2007,"Rate per 100,000",304
Florida,2007,Number,5733
Florida,2013,Number,2802
Florida,2013,"Rate per 100,000",152
Florida,2010,"Rate per 100,000",261
Florida,2010,Number,4815
Florida,2015,Number,2853
Florida,2015,"Rate per 100,000",153
Florida,2011,"Rate per 100,000",203
Florida,2011,Number,3744
Georgia,2011,Number,1788
Georgia,2015,"Rate per 100,000",111
Georgia,2011,"Rate per 100,000",184
Georgia,2015,Number,1110
Georgia,2010,Number,2133
Georgia,2013,"Rate per 100,000",159
Georgia,2010,"Rate per 100,000",220
Georgia,2013,Number,1557
Georgia,2007,Number,2736
Georgia,2007,"Rate per 100,000",286
Georgia,2006,"Rate per 100,000",277
Georgia,2006,Number,2631
Georgia,2003,Number,2451
Georgia,2003,"Rate per 100,000",271
Georgia,2001,"Rate per 100,000",338
Georgia,1999,Number,3729
Georgia,2001,Number,2943
Georgia,1999,"Rate per 100,000",454
Georgia,1997,"Rate per 100,000",463
Georgia,1997,Number,3621
Hawaii,1997,Number,135
Hawaii,1997,"Rate per 100,000",100
Hawaii,1999,"Rate per 100,000",88
Hawaii,1999,Number,117
Hawaii,2001,Number,102
Hawaii,2001,"Rate per 100,000",76
Hawaii,2003,"Rate per 100,000",95
Hawaii,2003,Number,129
Hawaii,2006,Number,123
Hawaii,2006,"Rate per 100,000",89
Hawaii,2007,"Rate per 100,000",94
Hawaii,2007,Number,129
Hawaii,2013,Number,78
Hawaii,2013,"Rate per 100,000",60
Hawaii,2010,"Rate per 100,000",90
Hawaii,2010,Number,120
Hawaii,2015,Number,51
Hawaii,2015,"Rate per 100,000",39
Hawaii,2011,"Rate per 100,000",75
Hawaii,2011,Number,99
Idaho,2011,Number,399
Idaho,2011,"Rate per 100,000",212
Idaho,2015,"Rate per 100,000",200
Idaho,2015,Number,393
Idaho,2010,Number,480
Idaho,2010,"Rate per 100,000",257
Idaho,2013,"Rate per 100,000",236
Idaho,2013,Number,450
Idaho,2007,Number,528
Idaho,2007,"Rate per 100,000",289
Idaho,2006,"Rate per 100,000",290
Idaho,2006,Number,522
Idaho,2003,Number,489
Idaho,2003,"Rate per 100,000",281
Idaho,2001,"Rate per 100,000",307
Idaho,1999,Number,360
Idaho,2001,Number,531
Idaho,1999,"Rate per 100,000",211
Idaho,1997,"Rate per 100,000",143
Idaho,1997,Number,243
Illinois,1997,Number,3426
Illinois,1997,"Rate per 100,000",278
Illinois,1999,"Rate per 100,000",311
Illinois,2001,Number,3561
Illinois,1999,Number,3885
Illinois,2001,"Rate per 100,000",278
Illinois,2003,"Rate per 100,000",210
Illinois,2003,Number,2715
Illinois,2006,Number,2631
Illinois,2006,"Rate per 100,000",203
Illinois,2007,"Rate per 100,000",201
Illinois,2007,Number,2565
Illinois,2013,Number,1617
Illinois,2013,"Rate per 100,000",134
Illinois,2010,"Rate per 100,000",178
Illinois,2010,Number,2217
Illinois,2015,"Rate per 100,000",112
Illinois,2011,"Rate per 100,000",171
Illinois,2015,Number,1524
Illinois,2011,Number,2106
Indiana,2011,Number,1878
Indiana,2011,"Rate per 100,000",258
Indiana,2015,"Rate per 100,000",217
Indiana,2010,Number,2010
Indiana,2015,Number,1563
Indiana,2010,"Rate per 100,000",276
Indiana,2013,"Rate per 100,000",219
Indiana,2013,Number,1581
Indiana,2007,Number,2727
Indiana,2007,"Rate per 100,000",371
Indiana,2006,"Rate per 100,000",355
Indiana,2006,Number,2616
Indiana,2003,Number,3045
Indiana,2003,"Rate per 100,000",420
Indiana,2001,"Rate per 100,000",451
Indiana,1999,Number,2649
Indiana,2001,Number,3234
Indiana,1999,"Rate per 100,000",376
Indiana,1997,"Rate per 100,000",356
Indiana,1997,Number,2484
Iowa,1997,Number,1065
Iowa,1997,"Rate per 100,000",308
Iowa,1999,"Rate per 100,000",296
Iowa,2001,Number,1104
Iowa,1999,Number,1017
Iowa,2001,"Rate per 100,000",322
Iowa,2003,"Rate per 100,000",288
Iowa,2003,Number,975
Iowa,2006,Number,1062
Iowa,2006,"Rate per 100,000",317
Iowa,2007,"Rate per 100,000",288
Iowa,2007,Number,954
Iowa,2013,Number,735
Iowa,2013,"Rate per 100,000",227
Iowa,2010,"Rate per 100,000",227
Iowa,2010,Number,738
Iowa,2011,"Rate per 100,000",224
Iowa,2015,Number,675
Iowa,2015,"Rate per 100,000",207
Iowa,2011,Number,729
Kansas,2011,Number,813
Kansas,2015,"Rate per 100,000",177
Kansas,2015,Number,564
Kansas,2011,"Rate per 100,000",254
Kansas,2010,Number,843
Kansas,2010,"Rate per 100,000",264
Kansas,2013,"Rate per 100,000",278
Kansas,2013,Number,885
Kansas,2007,Number,1146
Kansas,2007,"Rate per 100,000",359
Kansas,2006,"Rate per 100,000",328
Kansas,2006,Number,1053
Kansas,2003,Number,1071
Kansas,2003,"Rate per 100,000",328
Kansas,2001,"Rate per 100,000",339
Kansas,1999,Number,1254
Kansas,2001,Number,1116
Kansas,1997,"Rate per 100,000",380
Kansas,1999,"Rate per 100,000",380
Kansas,1997,Number,1242
Kentucky,1997,Number,1080
Kentucky,1997,"Rate per 100,000",235
Kentucky,1999,"Rate per 100,000",263
Kentucky,2001,Number,990
Kentucky,1999,Number,1188
Kentucky,2001,"Rate per 100,000",219
Kentucky,2003,"Rate per 100,000",183
Kentucky,2003,Number,837
Kentucky,2006,Number,1242
Kentucky,2006,"Rate per 100,000",268
Kentucky,2007,"Rate per 100,000",242
Kentucky,2007,Number,1116
Kentucky,2013,Number,774
Kentucky,2013,"Rate per 100,000",170
Kentucky,2010,"Rate per 100,000",186
Kentucky,2010,Number,852
Kentucky,2011,"Rate per 100,000",163
Kentucky,2015,Number,510
Kentucky,2015,"Rate per 100,000",112
Kentucky,2011,Number,747
Louisiana,2011,Number,957
Louisiana,2015,"Rate per 100,000",193
Louisiana,2015,Number,831
Louisiana,2011,"Rate per 100,000",222
Louisiana,2010,Number,1035
Louisiana,2013,"Rate per 100,000",180
Louisiana,2010,"Rate per 100,000",239
Louisiana,2013,Number,774
Louisiana,2007,Number,1350
Louisiana,2007,"Rate per 100,000",310
Louisiana,2006,"Rate per 100,000",275
Louisiana,2006,Number,1200
Louisiana,2003,Number,1821
Louisiana,2003,"Rate per 100,000",377
Louisiana,2001,"Rate per 100,000",501
Louisiana,1999,Number,2745
Louisiana,2001,Number,2457
Louisiana,1999,"Rate per 100,000",553
Louisiana,1997,Number,2775
Louisiana,1997,"Rate per 100,000",549
Maine,1997,"Rate per 100,000",219
Maine,1997,Number,318
Maine,1999,"Rate per 100,000",165
Maine,2001,Number,228
Maine,1999,Number,243
Maine,2001,"Rate per 100,000",153
Maine,2003,"Rate per 100,000",149
Maine,2003,Number,222
Maine,2006,Number,210
Maine,2006,"Rate per 100,000",147
Maine,2007,"Rate per 100,000",146
Maine,2007,Number,204
Maine,2013,Number,162
Maine,2013,"Rate per 100,000",130
Maine,2010,"Rate per 100,000",143
Maine,2010,Number,186
Maine,2011,"Rate per 100,000",129
Maine,2015,Number,81
Maine,2015,"Rate per 100,000",67
Maine,2011,Number,165
Maryland,2011,Number,939
Maryland,2015,"Rate per 100,000",101
Maryland,2015,Number,612
Maryland,2011,"Rate per 100,000",152
Maryland,2010,Number,888
Maryland,2010,"Rate per 100,000",143
Maryland,2013,Number,771
Maryland,2013,"Rate per 100,000",127
Maryland,2007,Number,930
Maryland,2007,"Rate per 100,000",144
Maryland,2006,"Rate per 100,000",169
Maryland,2006,Number,1104
Maryland,2003,Number,1167
Maryland,2003,"Rate per 100,000",179
Maryland,2001,"Rate per 100,000",190
Maryland,1999,Number,1578
Maryland,2001,Number,1197
Maryland,1999,"Rate per 100,000",263
Maryland,1997,Number,1497
Maryland,1997,"Rate per 100,000",263
Massachusetts,1997,"Rate per 100,000",192
Massachusetts,1997,Number,1065
Massachusetts,1999,"Rate per 100,000",204
Massachusetts,2001,Number,1323
Massachusetts,1999,Number,1188
Massachusetts,2001,"Rate per 100,000",217
Massachusetts,2003,"Rate per 100,000",211
Massachusetts,2003,Number,1302
Massachusetts,2006,Number,1164
Massachusetts,2006,"Rate per 100,000",193
Massachusetts,2007,"Rate per 100,000",163
Massachusetts,2007,Number,969
Massachusetts,2013,"Rate per 100,000",60
Massachusetts,2013,Number,393
Massachusetts,2010,"Rate per 100,000",115
Massachusetts,2010,Number,663
Massachusetts,2011,"Rate per 100,000",95
Massachusetts,2015,Number,426
Massachusetts,2015,"Rate per 100,000",66
Massachusetts,2011,Number,543
Michigan,2011,Number,2085
Michigan,2015,"Rate per 100,000",172
Michigan,2015,Number,1554
Michigan,2011,"Rate per 100,000",220
Michigan,2010,Number,1998
Michigan,2010,"Rate per 100,000",208
Michigan,2013,Number,1683
Michigan,2013,"Rate per 100,000",183
Michigan,2007,Number,2748
Michigan,2007,"Rate per 100,000",269
Michigan,2006,"Rate per 100,000",263
Michigan,2006,Number,2760
Michigan,2003,Number,2706
Michigan,2003,"Rate per 100,000",254
Michigan,2001,"Rate per 100,000",331
Michigan,1999,Number,3996
Michigan,2001,Number,3504
Michigan,1999,"Rate per 100,000",391
Michigan,1997,Number,3711
Michigan,1997,"Rate per 100,000",369
Minnesota,1997,"Rate per 100,000",259
Minnesota,1997,Number,1521
Minnesota,1999,"Rate per 100,000",294
Minnesota,2001,Number,1947
Minnesota,1999,Number,1761
Minnesota,2001,"Rate per 100,000",320
Minnesota,2003,"Rate per 100,000",252
Minnesota,2003,Number,1527
Minnesota,2006,Number,1623
Minnesota,2006,"Rate per 100,000",273
Minnesota,2007,"Rate per 100,000",224
Minnesota,2007,Number,1317
Minnesota,2013,"Rate per 100,000",165
Minnesota,2013,Number,939
Minnesota,2010,"Rate per 100,000",159
Minnesota,2010,Number,912
Minnesota,2011,"Rate per 100,000",145
Minnesota,2015,Number,852
Minnesota,2015,"Rate per 100,000",149
Minnesota,2011,Number,828
Mississippi,2011,Number,258
Mississippi,2015,"Rate per 100,000",74
Mississippi,2015,Number,243
Mississippi,2011,"Rate per 100,000",77
Mississippi,2010,Number,357
Mississippi,2010,"Rate per 100,000",106
Mississippi,2013,Number,243
Mississippi,2013,"Rate per 100,000",74
Mississippi,2007,Number,450
Mississippi,2007,"Rate per 100,000",129
Mississippi,2006,"Rate per 100,000",127
Mississippi,2006,Number,444
Mississippi,2003,Number,528
Mississippi,2003,"Rate per 100,000",150
Mississippi,2001,"Rate per 100,000",196
Mississippi,1999,Number,783
Mississippi,2001,Number,693
Mississippi,1999,"Rate per 100,000",221
Mississippi,1997,Number,756
Mississippi,1997,"Rate per 100,000",210
Missouri,1997,"Rate per 100,000",246
Missouri,1997,Number,1401
Missouri,1999,"Rate per 100,000",202
Missouri,2001,Number,1392
Missouri,1999,Number,1161
Missouri,2001,"Rate per 100,000",239
Missouri,2003,"Rate per 100,000",242
Missouri,2003,Number,1413
Missouri,2006,Number,1293
Missouri,2006,"Rate per 100,000",223
Missouri,2007,"Rate per 100,000",214
Missouri,2007,Number,1227
Missouri,2013,"Rate per 100,000",191
Missouri,2013,Number,1053
Missouri,2010,"Rate per 100,000",214
Missouri,2010,Number,1197
Missouri,2011,"Rate per 100,000",201
Missouri,2015,Number,948
Missouri,2015,"Rate per 100,000",173
Missouri,2011,Number,1122
Montana,2011,Number,168
Montana,2015,"Rate per 100,000",170
Montana,2015,Number,171
Montana,2011,"Rate per 100,000",169
Montana,2010,Number,192
Montana,2010,"Rate per 100,000",192
Montana,2013,Number,150
Montana,2013,"Rate per 100,000",151
Montana,2007,Number,210
Montana,2007,"Rate per 100,000",200
Montana,2006,"Rate per 100,000",230
Montana,2006,Number,243
Montana,2003,Number,261
Montana,2003,"Rate per 100,000",237
Montana,2001,"Rate per 100,000",237
Montana,1999,Number,246
Montana,2001,Number,267
Montana,1999,"Rate per 100,000",216
Montana,1997,Number,303
Montana,1997,"Rate per 100,000",265
Nebraska,1997,"Rate per 100,000",351
Nebraska,1997,Number,741
Nebraska,1999,"Rate per 100,000",312
Nebraska,2001,Number,717
Nebraska,1999,Number,657
Nebraska,2001,"Rate per 100,000",342
Nebraska,2003,"Rate per 100,000",324
Nebraska,2003,Number,672
Nebraska,2006,Number,735
Nebraska,2006,"Rate per 100,000",362
Nebraska,2007,"Rate per 100,000",350
Nebraska,2007,Number,708
Nebraska,2013,"Rate per 100,000",204
Nebraska,2013,Number,411
Nebraska,2010,"Rate per 100,000",378
Nebraska,2010,Number,750
Nebraska,2011,"Rate per 100,000",336
Nebraska,2015,Number,465
Nebraska,2015,"Rate per 100,000",225
Nebraska,2011,Number,669
Nevada,2011,Number,720
Nevada,2015,"Rate per 100,000",209
Nevada,2015,Number,627
Nevada,2011,"Rate per 100,000",246
Nevada,2010,Number,717
Nevada,2010,"Rate per 100,000",244
Nevada,2013,Number,591
Nevada,2013,"Rate per 100,000",201
Nevada,2007,Number,996
Nevada,2007,"Rate per 100,000",342
Nevada,2006,"Rate per 100,000",313
Nevada,2006,Number,885
Nevada,2003,Number,921
Nevada,2003,"Rate per 100,000",367
Nevada,2001,"Rate per 100,000",391
Nevada,1999,Number,789
Nevada,2001,Number,900
Nevada,1999,"Rate per 100,000",380
Nevada,1997,Number,858
Nevada,1997,"Rate per 100,000",462
New Hampshire,1997,"Rate per 100,000",155
New Hampshire,1997,Number,186
New Hampshire,1999,"Rate per 100,000",171
New Hampshire,2001,Number,204
New Hampshire,1999,Number,216
New Hampshire,2001,"Rate per 100,000",154
New Hampshire,2003,"Rate per 100,000",148
New Hampshire,2003,Number,198
New Hampshire,2006,Number,189
New Hampshire,2006,"Rate per 100,000",144
New Hampshire,2007,"Rate per 100,000",122
New Hampshire,2007,Number,156
New Hampshire,2013,"Rate per 100,000",68
New Hampshire,2013,Number,78
New Hampshire,2010,"Rate per 100,000",97
New Hampshire,2010,Number,117
New Hampshire,2011,"Rate per 100,000",76
New Hampshire,2015,Number,69
New Hampshire,2015,"Rate per 100,000",54
New Hampshire,2011,Number,90
New Jersey,2011,Number,1005
New Jersey,2015,"Rate per 100,000",69
New Jersey,2015,Number,636
New Jersey,2011,"Rate per 100,000",106
New Jersey,2010,Number,1179
New Jersey,2010,"Rate per 100,000",123
New Jersey,2013,Number,888
New Jersey,2013,"Rate per 100,000",95
New Jersey,2007,Number,1677
New Jersey,2007,"Rate per 100,000",171
New Jersey,2006,"Rate per 100,000",172
New Jersey,2006,Number,1704
New Jersey,2003,Number,1941
New Jersey,2003,"Rate per 100,000",199
New Jersey,2001,"Rate per 100,000",220
New Jersey,1999,Number,2385
New Jersey,2001,Number,2079
New Jersey,1999,"Rate per 100,000",265
New Jersey,1997,Number,2250
New Jersey,1997,"Rate per 100,000",261
New Mexico,1997,"Rate per 100,000",328
New Mexico,1997,Number,777
New Mexico,1999,"Rate per 100,000",361
New Mexico,2001,Number,837
New Mexico,1999,Number,855
New Mexico,2001,"Rate per 100,000",353
New Mexico,2003,"Rate per 100,000",255
New Mexico,2003,Number,606
New Mexico,2006,Number,471
New Mexico,2006,"Rate per 100,000",201
New Mexico,2007,"Rate per 100,000",162
New Mexico,2007,Number,378
New Mexico,2013,"Rate per 100,000",179
New Mexico,2013,Number,402
New Mexico,2010,"Rate per 100,000",250
New Mexico,2010,Number,576
New Mexico,2011,"Rate per 100,000",229
New Mexico,2015,Number,363
New Mexico,2015,"Rate per 100,000",164
New Mexico,2011,Number,522
New York,2011,Number,2139
New York,2015,"Rate per 100,000",99
New York,2015,Number,1386
New York,2011,"Rate per 100,000",148
New York,2010,Number,2637
New York,2010,"Rate per 100,000",180
New York,2013,Number,1650
New York,2013,"Rate per 100,000",116
New York,2007,Number,3612
New York,2007,"Rate per 100,000",235
New York,2006,"Rate per 100,000",267
New York,2006,Number,4197
New York,2003,Number,4308
New York,2003,"Rate per 100,000",262
New York,1999,Number,4815
New York,2001,Number,4593
New York,2001,"Rate per 100,000",284
New York,1999,"Rate per 100,000",310
New York,1997,Number,4662
New York,1997,"Rate per 100,000",309
North Carolina,1997,"Rate per 100,000",198
North Carolina,1997,Number,1203
North Carolina,1999,"Rate per 100,000",224
North Carolina,2001,"Rate per 100,000",193
North Carolina,2001,Number,1317
North Carolina,1999,Number,1428
North Carolina,2003,"Rate per 100,000",169
North Carolina,2003,Number,1203
North Carolina,2006,Number,1029
North Carolina,2006,"Rate per 100,000",141
North Carolina,2007,"Rate per 100,000",140
North Carolina,2007,Number,1035
North Carolina,2013,"Rate per 100,000",70
North Carolina,2013,Number,543
North Carolina,2010,"Rate per 100,000",112
North Carolina,2010,Number,849
North Carolina,2011,"Rate per 100,000",74
North Carolina,2015,Number,468
North Carolina,2015,"Rate per 100,000",60
North Carolina,2011,Number,567
North Dakota,2011,Number,156
North Dakota,2015,"Rate per 100,000",203
North Dakota,2015,Number,144
North Dakota,2011,"Rate per 100,000",240
North Dakota,2010,Number,168
North Dakota,2010,"Rate per 100,000",258
North Dakota,2013,Number,171
North Dakota,2013,"Rate per 100,000",253
North Dakota,2007,Number,213
North Dakota,2007,"Rate per 100,000",314
North Dakota,2006,"Rate per 100,000",346
North Dakota,2006,Number,240
North Dakota,2003,Number,246
North Dakota,2003,"Rate per 100,000",337
North Dakota,1999,Number,234
North Dakota,2001,Number,180
North Dakota,2001,"Rate per 100,000",235
North Dakota,1999,"Rate per 100,000",294
North Dakota,1997,Number,273
North Dakota,1997,"Rate per 100,000",335
Ohio,1997,"Rate per 100,000",329
Ohio,1997,Number,4317
Ohio,1999,"Rate per 100,000",344
Ohio,2001,"Rate per 100,000",343
Ohio,2001,Number,4554
Ohio,1999,Number,4530
Ohio,2003,"Rate per 100,000",313
Ohio,2003,Number,4176
Ohio,2006,Number,4149
Ohio,2006,"Rate per 100,000",314
Ohio,2007,Number,4332
Ohio,2007,"Rate per 100,000",331
Ohio,2013,"Rate per 100,000",186
Ohio,2013,Number,2283
Ohio,2010,"Rate per 100,000",228
Ohio,2010,Number,2865
Ohio,2011,"Rate per 100,000",200
Ohio,2015,Number,2163
Ohio,2015,"Rate per 100,000",178
Ohio,2011,Number,2490
Oklahoma,2011,Number,576
Oklahoma,2015,"Rate per 100,000",131
Oklahoma,2015,Number,552
Oklahoma,2011,"Rate per 100,000",141
Oklahoma,2010,Number,639
Oklahoma,2010,"Rate per 100,000",157
Oklahoma,2013,Number,519
Oklahoma,2013,"Rate per 100,000",125
Oklahoma,2007,Number,864
Oklahoma,2006,"Rate per 100,000",229
Oklahoma,2006,Number,924
Oklahoma,2007,"Rate per 100,000",214
Oklahoma,2003,Number,1059
Oklahoma,2003,"Rate per 100,000",260
Oklahoma,1999,Number,1122
Oklahoma,2001,Number,870
Oklahoma,2001,"Rate per 100,000",212
Oklahoma,1999,"Rate per 100,000",271
Oklahoma,1997,Number,807
Oklahoma,1997,"Rate per 100,000",193
Oregon,1997,"Rate per 100,000",381
Oregon,1997,Number,1461
Oregon,1999,"Rate per 100,000",399
Oregon,2001,"Rate per 100,000",383
Oregon,2001,Number,1509
Oregon,1999,Number,1548
Oregon,2003,Number,1275
Oregon,2003,"Rate per 100,000",321
Oregon,2006,Number,1254
Oregon,2006,"Rate per 100,000",315
Oregon,2007,Number,1299
Oregon,2007,"Rate per 100,000",327
Oregon,2013,"Rate per 100,000",281
Oregon,2013,Number,1086
Oregon,2010,"Rate per 100,000",320
Oregon,2010,Number,1251
Oregon,2011,"Rate per 100,000",281
Oregon,2015,Number,1113
Oregon,2015,"Rate per 100,000",286
Oregon,2011,Number,1098
Pennsylvania,2011,Number,3075
Pennsylvania,2015,"Rate per 100,000",228
Pennsylvania,2015,Number,2826
Pennsylvania,2011,"Rate per 100,000",239
Pennsylvania,2010,Number,4134
Pennsylvania,2010,"Rate per 100,000",317
Pennsylvania,2013,Number,2781
Pennsylvania,2013,"Rate per 100,000",222
Pennsylvania,2007,"Rate per 100,000",333
Pennsylvania,2007,Number,4554
Pennsylvania,2006,"Rate per 100,000",313
Pennsylvania,2006,Number,4323
Pennsylvania,2003,Number,4341
Pennsylvania,2003,"Rate per 100,000",311
Pennsylvania,1999,Number,3819
Pennsylvania,2001,Number,4065
Pennsylvania,2001,"Rate per 100,000",294
Pennsylvania,1999,"Rate per 100,000",281
Pennsylvania,1997,Number,3963
Pennsylvania,1997,"Rate per 100,000",296
Rhode Island,1997,"Rate per 100,000",407
Rhode Island,1997,Number,426
Rhode Island,1999,"Rate per 100,000",281
Rhode Island,2001,"Rate per 100,000",272
Rhode Island,2001,Number,312
Rhode Island,1999,Number,309
Rhode Island,2003,Number,342
Rhode Island,2003,"Rate per 100,000",292
Rhode Island,2006,"Rate per 100,000",304
Rhode Island,2006,Number,348
Rhode Island,2007,Number,312
Rhode Island,2007,"Rate per 100,000",278
Rhode Island,2013,"Rate per 100,000",158
Rhode Island,2013,Number,159
Rhode Island,2010,Number,249
Rhode Island,2010,"Rate per 100,000",236
Rhode Island,2011,"Rate per 100,000",179
Rhode Island,2015,Number,198
Rhode Island,2015,"Rate per 100,000",200
Rhode Island,2011,Number,186
South Carolina,2011,Number,726
South Carolina,2015,"Rate per 100,000",161
South Carolina,2015,Number,693
South Carolina,2011,"Rate per 100,000",173
South Carolina,2010,Number,984
South Carolina,2010,"Rate per 100,000",235
South Carolina,2013,Number,672
South Carolina,2013,"Rate per 100,000",159
South Carolina,2007,"Rate per 100,000",286
South Carolina,2007,Number,1200
South Carolina,2006,"Rate per 100,000",311
South Carolina,2006,Number,1320
South Carolina,2003,"Rate per 100,000",343
South Carolina,2003,Number,1443
South Carolina,1999,Number,1650
South Carolina,2001,Number,1398
South Carolina,2001,"Rate per 100,000",339
South Carolina,1999,"Rate per 100,000",414
South Carolina,1997,Number,1584
South Carolina,1997,"Rate per 100,000",403
South Dakota,1997,"Rate per 100,000",533
South Dakota,1997,Number,528
South Dakota,1999,"Rate per 100,000",617
South Dakota,2001,"Rate per 100,000",514
South Dakota,2001,Number,495
South Dakota,1999,Number,603
South Dakota,2003,Number,522
South Dakota,2003,"Rate per 100,000",556
South Dakota,2006,Number,597
South Dakota,2006,"Rate per 100,000",660
South Dakota,2007,"Rate per 100,000",509
South Dakota,2007,Number,456
South Dakota,2013,"Rate per 100,000",377
South Dakota,2013,Number,333
South Dakota,2010,Number,504
South Dakota,2010,"Rate per 100,000",575
South Dakota,2011,"Rate per 100,000",491
South Dakota,2015,Number,228
South Dakota,2015,"Rate per 100,000",254
South Dakota,2011,Number,429
Tennessee,2011,Number,783
Tennessee,2015,"Rate per 100,000",97
Tennessee,2015,Number,660
Tennessee,2011,"Rate per 100,000",116
Tennessee,2010,Number,789
Tennessee,2010,"Rate per 100,000",117
Tennessee,2013,Number,666
Tennessee,2013,"Rate per 100,000",99
Tennessee,2007,Number,1263
Tennessee,2007,"Rate per 100,000",187
Tennessee,2006,"Rate per 100,000",210
Tennessee,2006,Number,1419
Tennessee,2003,"Rate per 100,000",219
Tennessee,2003,Number,1434
Tennessee,1999,Number,1533
Tennessee,2001,"Rate per 100,000",259
Tennessee,2001,Number,1656
Tennessee,1999,"Rate per 100,000",247
Tennessee,1997,Number,2118
Tennessee,1997,"Rate per 100,000",347
Texas,1997,"Rate per 100,000",315
Texas,1997,Number,6897
Texas,1999,"Rate per 100,000",353
Texas,2001,"Rate per 100,000",365
Texas,2001,Number,8523
Texas,1999,Number,7953
Texas,2003,Number,7662
Texas,2003,"Rate per 100,000",319
Texas,2006,"Rate per 100,000",329
Texas,2006,Number,8247
Texas,2007,"Rate per 100,000",278
Texas,2007,Number,7035
Texas,2013,"Rate per 100,000",161
Texas,2013,Number,4383
Texas,2010,Number,5352
Texas,2010,"Rate per 100,000",203
Texas,2011,"Rate per 100,000",175
Texas,2015,Number,4299
Texas,2015,"Rate per 100,000",153
Texas,2011,Number,4671
Utah,2011,Number,732
Utah,2015,"Rate per 100,000",114
Utah,2015,Number,453
Utah,2011,"Rate per 100,000",200
Utah,2010,"Rate per 100,000",190
Utah,2010,Number,684
Utah,2013,Number,612
Utah,2013,"Rate per 100,000",160
Utah,2007,Number,867
Utah,2007,"Rate per 100,000",258
Utah,2006,"Rate per 100,000",263
Utah,2006,Number,864
Utah,2003,"Rate per 100,000",301
Utah,2003,Number,954
Utah,1999,Number,984
Utah,2001,"Rate per 100,000",319
Utah,2001,Number,1014
Utah,1999,"Rate per 100,000",309
Utah,1997,Number,768
Utah,1997,"Rate per 100,000",239
Vermont,1997,"Rate per 100,000",68
Vermont,1997,Number,48
Vermont,1999,"Rate per 100,000",92
Vermont,2001,Number,63
Vermont,2001,"Rate per 100,000",86
Vermont,1999,Number,66
Vermont,2003,Number,51
Vermont,2003,"Rate per 100,000",70
Vermont,2006,Number,54
Vermont,2006,"Rate per 100,000",78
Vermont,2007,"Rate per 100,000",67
Vermont,2007,Number,45
Vermont,2013,"Rate per 100,000",46
Vermont,2013,Number,27
Vermont,2010,Number,33
Vermont,2010,"Rate per 100,000",53
Vermont,2011,"Rate per 100,000",59
Vermont,2015,Number,27
Vermont,2015,"Rate per 100,000",47
Vermont,2011,Number,36
Virginia,2011,Number,1686
Virginia,2015,"Rate per 100,000",147
Virginia,2015,Number,1227
Virginia,2011,"Rate per 100,000",203
Virginia,2010,"Rate per 100,000",223
Virginia,2010,Number,1860
Virginia,2013,"Rate per 100,000",188
Virginia,2013,Number,1563
Virginia,2007,Number,2124
Virginia,2007,"Rate per 100,000",253
Virginia,2006,"Rate per 100,000",275
Virginia,2006,Number,2310
Virginia,2003,"Rate per 100,000",288
Virginia,2003,Number,2376
Virginia,1999,Number,3084
Virginia,2001,"Rate per 100,000",351
Virginia,2001,Number,2811
Virginia,1999,"Rate per 100,000",401
Virginia,1997,Number,2880
Virginia,1997,"Rate per 100,000",389
Washington,1997,"Rate per 100,000",332
Washington,1997,Number,2217
Washington,2001,Number,2055
Washington,2001,"Rate per 100,000",292
Washington,1999,Number,2094
Washington,1999,"Rate per 100,000",304
Washington,2003,Number,1656
Washington,2003,"Rate per 100,000",232
Washington,2006,"Rate per 100,000",203
Washington,2006,Number,1455
Washington,2007,"Rate per 100,000",213
Washington,2007,Number,1527
Washington,2013,"Rate per 100,000",144
Washington,2013,Number,1014
Washington,2010,Number,1305
Washington,2010,"Rate per 100,000",183
Washington,2011,"Rate per 100,000",150
Washington,2015,Number,921
Washington,2015,"Rate per 100,000",130
Washington,2011,Number,1062
West Virginia,2015,"Rate per 100,000",329
West Virginia,2015,Number,567
West Virginia,2011,"Rate per 100,000",277
West Virginia,2011,Number,489
West Virginia,2010,"Rate per 100,000",316
West Virginia,2010,Number,561
West Virginia,2013,Number,510
West Virginia,2013,"Rate per 100,000",293
West Virginia,2007,Number,570
West Virginia,2007,"Rate per 100,000",313
West Virginia,2006,"Rate per 100,000",316
West Virginia,2006,Number,579
West Virginia,2003,"Rate per 100,000",268
West Virginia,2003,Number,498
West Virginia,1999,Number,387
West Virginia,2001,Number,474
West Virginia,2001,"Rate per 100,000",253
West Virginia,1997,Number,399
West Virginia,1997,"Rate per 100,000",198
West Virginia,1999,"Rate per 100,000",201
Wisconsin,1997,"Rate per 100,000",357
Wisconsin,1997,Number,2013
Wisconsin,2001,"Rate per 100,000",339
Wisconsin,2001,Number,1941
Wisconsin,1999,Number,1923
Wisconsin,1999,"Rate per 100,000",339
Wisconsin,2003,Number,1524
Wisconsin,2003,"Rate per 100,000",268
Wisconsin,2006,Number,1347
Wisconsin,2006,"Rate per 100,000",242
Wisconsin,2007,"Rate per 100,000",260
Wisconsin,2007,Number,1422
Wisconsin,2013,"Rate per 100,000",156
Wisconsin,2013,Number,816
Wisconsin,2010,Number,1110
Wisconsin,2010,"Rate per 100,000",209
Wisconsin,2011,Number,915
Wisconsin,2011,"Rate per 100,000",173
Wisconsin,2015,Number,762
Wisconsin,2015,"Rate per 100,000",147
Wyoming,2015,Number,177
Wyoming,2015,"Rate per 100,000",296
Wyoming,2011,"Rate per 100,000",431
Wyoming,2011,Number,249
Wyoming,2010,"Rate per 100,000",440
Wyoming,2010,Number,255
Wyoming,2013,Number,165
Wyoming,2013,"Rate per 100,000",279
Wyoming,2007,"Rate per 100,000",431
Wyoming,2007,Number,249
Wyoming,2006,Number,315
Wyoming,2006,"Rate per 100,000",545
Wyoming,2003,"Rate per 100,000",595
Wyoming,2003,Number,357
Wyoming,1999,"Rate per 100,000",475
Wyoming,1999,Number,309
Wyoming,2001,Number,327
Wyoming,2001,"Rate per 100,000",523
Wyoming,1997,Number,339
Wyoming,1997,"Rate per 100,000",502
